-- phpMyAdmin SQL Dump
-- version 5.2.1
-- https://www.phpmyadmin.net/
--
-- Host: 127.0.0.1
-- Generation Time: Mar 05, 2025 at 10:19 AM
-- Server version: 10.4.32-MariaDB
-- PHP Version: 8.2.12

SET SQL_MODE = "NO_AUTO_VALUE_ON_ZERO";
START TRANSACTION;
SET time_zone = "+00:00";


/*!40101 SET @OLD_CHARACTER_SET_CLIENT=@@CHARACTER_SET_CLIENT */;
/*!40101 SET @OLD_CHARACTER_SET_RESULTS=@@CHARACTER_SET_RESULTS */;
/*!40101 SET @OLD_COLLATION_CONNECTION=@@COLLATION_CONNECTION */;
/*!40101 SET NAMES utf8mb4 */;

--
-- Database: `restaurant_discount`
--

-- --------------------------------------------------------

--
-- Table structure for table `beneficiaries`
--

CREATE TABLE `beneficiaries` (
  `id` int(11) NOT NULL,
  `name` varchar(100) NOT NULL,
  `phone` varchar(20) DEFAULT NULL,
  `email` varchar(100) DEFAULT NULL,
  `status` enum('active','inactive') DEFAULT 'active',
  `category` varchar(255) NOT NULL,
  `created_at` timestamp NOT NULL DEFAULT current_timestamp()
) ENGINE=InnoDB DEFAULT CHARSET=utf8mb4 COLLATE=utf8mb4_general_ci;

--
-- Dumping data for table `beneficiaries`
--

INSERT INTO `beneficiaries` (`id`, `name`, `phone`, `email`, `status`, `category`, `created_at`) VALUES
(1585, 'أحمد بن تركي الزهراني', '0512662461', '', 'active', 'طالب', '2025-03-03 11:04:51'),
(1586, 'أحمد بن تركي الشمري', '0515834295', '', 'active', 'طالب', '2025-03-03 11:04:51'),
(1587, 'أحمد بن تركي العتيبي', '0547231032', '', 'active', 'متقاعد', '2025-03-03 11:04:51'),
(1588, 'أحمد بن تركي الغامدي', '0528138462', '', 'active', 'عسكري', '2025-03-03 11:04:51'),
(1589, 'أحمد بن خالد القحطاني', '0566746779', '', 'active', 'مدني', '2025-03-03 11:04:51'),
(1590, 'أحمد بن سعود الرشيدي', '0556489759', '', 'active', 'طالب', '2025-03-03 11:04:51'),
(1591, 'أحمد بن سعود المطيري', '0551410773', '', 'active', 'مدني', '2025-03-03 11:04:51'),
(1592, 'أحمد بن سعود آل سعود', '0560836607', '', 'active', 'مدني', '2025-03-03 11:04:51'),
(1593, 'أحمد بن سلطان الدوسري', '0578777709', '', 'active', 'طالب', '2025-03-03 11:04:51'),
(1594, 'أحمد بن سلطان الرشيدي', '0558526813', '', 'active', 'متقاعد', '2025-03-03 11:04:51'),
(1595, 'أحمد بن سلطان الشمري', '0519926815', '', 'active', 'متقاعد', '2025-03-03 11:04:51'),
(1596, 'أحمد بن سلطان العتيبي', '0528739827', '', 'active', 'متقاعد', '2025-03-03 11:04:51'),
(1597, 'أحمد بن سلطان القحطاني', '0510854865', '', 'active', 'مدني', '2025-03-03 11:04:51'),
(1598, 'أحمد بن سلطان المطيري', '0517667621', '', 'active', 'طالب', '2025-03-03 11:04:51'),
(1599, 'أحمد بن سلطان آل سعود', '0578931430', '', 'active', 'عسكري', '2025-03-03 11:04:51'),
(1600, 'أحمد بن عبدالعزيز الدوسري', '0512960300', '', 'active', 'عسكري', '2025-03-03 11:04:51'),
(1601, 'أحمد بن عبدالعزيز الرشيدي', '0572550530', '', 'active', 'طالب', '2025-03-03 11:04:51'),
(1602, 'أحمد بن عبدالعزيز الشمري', '0594490984', '', 'active', 'مدني', '2025-03-03 11:04:51'),
(1603, 'أحمد بن عبدالعزيز العتيبي', '0573677712', '', 'active', 'عسكري', '2025-03-03 11:04:51'),
(1604, 'أحمد بن عبدالعزيز القحطاني', '0590406854', '', 'active', 'متقاعد', '2025-03-03 11:04:51'),
(1605, 'أحمد بن فهد الزهراني', '0513597803', '', 'active', 'مدني', '2025-03-03 11:04:51'),
(1606, 'أحمد بن فهد الشمري', '0599055182', '', 'active', 'متقاعد', '2025-03-03 11:04:51'),
(1607, 'أحمد بن فهد العتيبي', '0542479792', '', 'active', 'متقاعد', '2025-03-03 11:04:51'),
(1608, 'أحمد بن فهد القحطاني', '0519981436', '', 'active', 'متقاعد', '2025-03-03 11:04:51'),
(1609, 'أحمد بن فيصل الحربي', '0514119340', '', 'active', 'طالب', '2025-03-03 11:04:51'),
(1610, 'أحمد بن فيصل الغامدي', '0587605907', '', 'active', 'طالب', '2025-03-03 11:04:51'),
(1611, 'أحمد بن فيصل القحطاني', '0591276336', '', 'active', 'عسكري', '2025-03-03 11:04:51'),
(1612, 'أحمد بن ماجد الحربي', '0516669777', '', 'active', 'مدني', '2025-03-03 11:04:51'),
(1613, 'أحمد بن ماجد العتيبي', '0551651431', '', 'active', 'طالب', '2025-03-03 11:04:51'),
(1614, 'أحمد بن ماجد الغامدي', '0565125500', '', 'active', 'طالب', '2025-03-03 11:04:51'),
(1615, 'أحمد بن ماجد القحطاني', '0566150907', '', 'active', 'متقاعد', '2025-03-03 11:04:51'),
(1616, 'أحمد بن محمد الزهراني', '0527364354', '', 'active', 'مدني', '2025-03-03 11:04:51'),
(1617, 'أحمد بن محمد العتيبي', '0579209060', '', 'active', 'عسكري', '2025-03-03 11:04:51'),
(1618, 'أحمد بن محمد آل سعود', '0550406409', '', 'active', 'عسكري', '2025-03-03 11:04:51'),
(1619, 'أحمد بن ناصر الحربي', '0522315830', '', 'active', 'عسكري', '2025-03-03 11:04:51'),
(1620, 'أحمد بن ناصر الزهراني', '0513228686', '', 'active', 'عسكري', '2025-03-03 11:04:51'),
(1621, 'أحمد بن ناصر العتيبي', '0528854919', '', 'active', 'مدني', '2025-03-03 11:04:51'),
(1622, 'أحمد بن ناصر الغامدي', '0526736890', '', 'active', 'عسكري', '2025-03-03 11:04:51'),
(1623, 'أحمد بن ناصر القحطاني', '0517330396', '', 'active', 'مدني', '2025-03-03 11:04:51'),
(1624, 'تركي بن تركي الزهراني', '0557039821', '', 'active', 'متقاعد', '2025-03-03 11:04:51'),
(1625, 'تركي بن تركي الشمري', '0523909420', '', 'active', 'مدني', '2025-03-03 11:04:51'),
(1626, 'تركي بن تركي العتيبي', '0566517455', '', 'active', 'عسكري', '2025-03-03 11:04:51'),
(1627, 'تركي بن تركي المطيري', '0522503675', '', 'active', 'عسكري', '2025-03-03 11:04:51'),
(1628, 'تركي بن تركي آل سعود', '0587402672', '', 'active', 'مدني', '2025-03-03 11:04:51'),
(1629, 'تركي بن خالد الدوسري', '0551820085', '', 'active', 'مدني', '2025-03-03 11:04:51'),
(1630, 'تركي بن خالد العتيبي', '0589404080', '', 'active', 'عسكري', '2025-03-03 11:04:51'),
(1631, 'تركي بن خالد الغامدي', '0546992135', '', 'active', 'طالب', '2025-03-03 11:04:51'),
(1632, 'تركي بن سعود الحربي', '0555064587', '', 'active', 'طالب', '2025-03-03 11:04:51'),
(1633, 'تركي بن سعود الزهراني', '0513882417', '', 'active', 'عسكري', '2025-03-03 11:04:51'),
(1634, 'تركي بن سلطان الرشيدي', '0563714384', '', 'active', 'مدني', '2025-03-03 11:04:51'),
(1635, 'تركي بن سلطان الغامدي', '0542229227', '', 'active', 'مدني', '2025-03-03 11:04:51'),
(1636, 'تركي بن سلطان القحطاني', '0540618075', '', 'active', 'مدني', '2025-03-03 11:04:51'),
(1637, 'تركي بن سلطان المطيري', '0528530115', '', 'active', 'مدني', '2025-03-03 11:04:51'),
(1638, 'تركي بن سلطان آل سعود', '0574402637', '', 'active', 'مدني', '2025-03-03 11:04:51'),
(1639, 'تركي بن عبدالعزيز الدوسري', '0567827070', '', 'active', 'متقاعد', '2025-03-03 11:04:51'),
(1640, 'تركي بن عبدالعزيز الشمري', '0569599680', '', 'active', 'متقاعد', '2025-03-03 11:04:51'),
(1641, 'تركي بن عبدالعزيز القحطاني', '0513204592', '', 'active', 'طالب', '2025-03-03 11:04:51'),
(1642, 'تركي بن فهد الرشيدي', '0595408935', '', 'active', 'عسكري', '2025-03-03 11:04:51'),
(1643, 'تركي بن فهد الشمري', '0588140210', '', 'active', 'مدني', '2025-03-03 11:04:51'),
(1644, 'تركي بن فهد القحطاني', '0540978789', '', 'active', 'متقاعد', '2025-03-03 11:04:51'),
(1645, 'تركي بن فهد المطيري', '0590446876', '', 'active', 'عسكري', '2025-03-03 11:04:51'),
(1646, 'تركي بن فيصل الدوسري', '0535443012', '', 'active', 'متقاعد', '2025-03-03 11:04:51'),
(1647, 'تركي بن فيصل الرشيدي', '0528275689', '', 'active', 'طالب', '2025-03-03 11:04:51'),
(1648, 'تركي بن فيصل الزهراني', '0520988972', '', 'active', 'طالب', '2025-03-03 11:04:51'),
(1649, 'تركي بن فيصل الشمري', '0589356996', '', 'active', 'مدني', '2025-03-03 11:04:51'),
(1650, 'تركي بن فيصل القحطاني', '0549489139', '', 'active', 'عسكري', '2025-03-03 11:04:51'),
(1651, 'تركي بن ماجد الدوسري', '0539958589', '', 'active', 'عسكري', '2025-03-03 11:04:51'),
(1652, 'تركي بن ماجد الزهراني', '0567487156', '', 'active', 'مدني', '2025-03-03 11:04:51'),
(1653, 'تركي بن ماجد الغامدي', '0530257608', '', 'active', 'عسكري', '2025-03-03 11:04:51'),
(1654, 'تركي بن ماجد المطيري', '0513123269', '', 'active', 'عسكري', '2025-03-03 11:04:51'),
(1655, 'تركي بن محمد القحطاني', '0573740594', '', 'active', 'مدني', '2025-03-03 11:04:51'),
(1656, 'تركي بن محمد المطيري', '0584491846', '', 'active', 'طالب', '2025-03-03 11:04:51'),
(1657, 'تركي بن محمد آل سعود', '0549221852', '', 'active', 'مدني', '2025-03-03 11:04:51'),
(1658, 'تركي بن ناصر الحربي', '0575518451', '', 'active', 'طالب', '2025-03-03 11:04:51'),
(1659, 'تركي بن ناصر الرشيدي', '0525234610', '', 'active', 'مدني', '2025-03-03 11:04:51'),
(1660, 'تركي بن ناصر الزهراني', '0572733258', '', 'active', 'متقاعد', '2025-03-03 11:04:51'),
(1661, 'تركي بن ناصر الشمري', '0574679432', '', 'active', 'مدني', '2025-03-03 11:04:51'),
(1662, 'تركي بن ناصر المطيري', '0587256120', '', 'active', 'مدني', '2025-03-03 11:04:51'),
(1663, 'خالد بن تركي الحربي', '0582193646', '', 'active', 'متقاعد', '2025-03-03 11:04:51'),
(1664, 'خالد بن تركي الرشيدي', '0542986374', '', 'active', 'عسكري', '2025-03-03 11:04:51'),
(1665, 'خالد بن تركي الغامدي', '0580999901', '', 'active', 'عسكري', '2025-03-03 11:04:51'),
(1666, 'خالد بن تركي المطيري', '0527815880', '', 'active', 'عسكري', '2025-03-03 11:04:51'),
(1667, 'خالد بن خالد الشمري', '0539951673', '', 'active', 'عسكري', '2025-03-03 11:04:51'),
(1668, 'خالد بن خالد القحطاني', '0583567921', '', 'active', 'طالب', '2025-03-03 11:04:51'),
(1669, 'خالد بن خالد المطيري', '0524585029', '', 'active', 'عسكري', '2025-03-03 11:04:51'),
(1670, 'خالد بن خالد آل سعود', '0517328184', '', 'active', 'عسكري', '2025-03-03 11:04:51'),
(1671, 'خالد بن سعود الحربي', '0575188921', '', 'active', 'طالب', '2025-03-03 11:04:51'),
(1672, 'خالد بن سعود الرشيدي', '0579276814', '', 'active', 'متقاعد', '2025-03-03 11:04:51'),
(1673, 'خالد بن سعود الزهراني', '0576367014', '', 'active', 'طالب', '2025-03-03 11:04:51'),
(1674, 'خالد بن سعود العتيبي', '0518616363', '', 'active', 'عسكري', '2025-03-03 11:04:51'),
(1675, 'خالد بن سعود الغامدي', '0599042324', '', 'active', 'طالب', '2025-03-03 11:04:51'),
(1676, 'خالد بن سعود آل سعود', '0568562226', '', 'active', 'مدني', '2025-03-03 11:04:51'),
(1677, 'خالد بن سلطان الحربي', '0568730164', '', 'active', 'مدني', '2025-03-03 11:04:51'),
(1678, 'خالد بن سلطان الدوسري', '0569349604', '', 'active', 'عسكري', '2025-03-03 11:04:51'),
(1679, 'خالد بن سلطان الرشيدي', '0574054768', '', 'active', 'طالب', '2025-03-03 11:04:51'),
(1680, 'خالد بن سلطان الزهراني', '0544653944', '', 'active', 'عسكري', '2025-03-03 11:04:51'),
(1681, 'خالد بن عبدالعزيز الحربي', '0555610427', '', 'active', 'عسكري', '2025-03-03 11:04:51'),
(1682, 'خالد بن عبدالعزيز الدوسري', '0546521936', '', 'active', 'متقاعد', '2025-03-03 11:04:51'),
(1683, 'خالد بن عبدالعزيز الزهراني', '0539282344', '', 'active', 'متقاعد', '2025-03-03 11:04:51'),
(1684, 'خالد بن عبدالعزيز الغامدي', '0566282723', '', 'active', 'مدني', '2025-03-03 11:04:51'),
(1685, 'خالد بن عبدالعزيز آل سعود', '0559920535', '', 'active', 'مدني', '2025-03-03 11:04:51'),
(1686, 'خالد بن فهد الزهراني', '0569084750', '', 'active', 'مدني', '2025-03-03 11:04:51'),
(1687, 'خالد بن فهد الشمري', '0524461274', '', 'active', 'طالب', '2025-03-03 11:04:51'),
(1688, 'خالد بن فهد العتيبي', '0573415299', '', 'active', 'طالب', '2025-03-03 11:04:51'),
(1689, 'خالد بن فهد الغامدي', '0535008065', '', 'active', 'متقاعد', '2025-03-03 11:04:51'),
(1690, 'خالد بن فهد القحطاني', '0588019272', '', 'active', 'طالب', '2025-03-03 11:04:51'),
(1691, 'خالد بن فيصل الدوسري', '0588334130', '', 'active', 'مدني', '2025-03-03 11:04:51'),
(1692, 'خالد بن فيصل الزهراني', '0590775009', '', 'active', 'عسكري', '2025-03-03 11:04:51'),
(1693, 'خالد بن فيصل العتيبي', '0516853018', '', 'active', 'طالب', '2025-03-03 11:04:51'),
(1694, 'خالد بن فيصل الغامدي', '0536197133', '', 'active', 'متقاعد', '2025-03-03 11:04:51'),
(1695, 'خالد بن فيصل القحطاني', '0550587316', '', 'active', 'طالب', '2025-03-03 11:04:51'),
(1696, 'خالد بن فيصل المطيري', '0591104356', '', 'active', 'عسكري', '2025-03-03 11:04:51'),
(1697, 'خالد بن ماجد الرشيدي', '0517307808', '', 'active', 'طالب', '2025-03-03 11:04:51'),
(1698, 'خالد بن ماجد الشمري', '0537544473', '', 'active', 'مدني', '2025-03-03 11:04:51'),
(1699, 'خالد بن ماجد العتيبي', '0565740694', '', 'active', 'طالب', '2025-03-03 11:04:51'),
(1700, 'خالد بن ماجد الغامدي', '0511824611', '', 'active', 'مدني', '2025-03-03 11:04:51'),
(1701, 'خالد بن ماجد القحطاني', '0549677595', '', 'active', 'مدني', '2025-03-03 11:04:51'),
(1702, 'خالد بن محمد العتيبي', '0573372613', '', 'active', 'مدني', '2025-03-03 11:04:51'),
(1703, 'خالد بن محمد المطيري', '0567034217', '', 'active', 'مدني', '2025-03-03 11:04:51'),
(1704, 'خالد بن ناصر الدوسري', '0579814856', '', 'active', 'مدني', '2025-03-03 11:04:51'),
(1705, 'خالد بن ناصر الزهراني', '0598961966', '', 'active', 'متقاعد', '2025-03-03 11:04:51'),
(1706, 'خالد بن ناصر الشمري', '0574235345', '', 'active', 'طالب', '2025-03-03 11:04:51'),
(1707, 'خالد بن ناصر العتيبي', '0514774277', '', 'active', 'مدني', '2025-03-03 11:04:51'),
(1708, 'خالد بن ناصر الغامدي', '0570263920', '', 'active', 'عسكري', '2025-03-03 11:04:51'),
(1709, 'خالد بن ناصر المطيري', '0523992586', '', 'active', 'متقاعد', '2025-03-03 11:04:51'),
(1710, 'سعود بن تركي الحربي', '0548451249', '', 'active', 'طالب', '2025-03-03 11:04:51'),
(1711, 'سعود بن تركي الدوسري', '0512893541', '', 'active', 'مدني', '2025-03-03 11:04:51'),
(1712, 'سعود بن تركي الزهراني', '0588784990', '', 'active', 'متقاعد', '2025-03-03 11:04:51'),
(1713, 'سعود بن تركي العتيبي', '0538202477', '', 'active', 'مدني', '2025-03-03 11:04:51'),
(1714, 'سعود بن تركي القحطاني', '0559969949', '', 'active', 'طالب', '2025-03-03 11:04:51'),
(1715, 'سعود بن خالد المطيري', '0550852924', '', 'active', 'طالب', '2025-03-03 11:04:51'),
(1716, 'سعود بن سعود الحربي', '0539954758', '', 'active', 'طالب', '2025-03-03 11:04:51'),
(1717, 'سعود بن سعود الدوسري', '0529027228', '', 'active', 'عسكري', '2025-03-03 11:04:51'),
(1718, 'سعود بن سعود الشمري', '0539428588', '', 'active', 'مدني', '2025-03-03 11:04:51'),
(1719, 'سعود بن سعود العتيبي', '0560092664', '', 'active', 'طالب', '2025-03-03 11:04:51'),
(1720, 'سعود بن سعود القحطاني', '0596643604', '', 'active', 'عسكري', '2025-03-03 11:04:51'),
(1721, 'سعود بن سعود آل سعود', '0565857211', '', 'active', 'مدني', '2025-03-03 11:04:51'),
(1722, 'سعود بن سلطان القحطاني', '0589822283', '', 'active', 'عسكري', '2025-03-03 11:04:51'),
(1723, 'سعود بن سلطان المطيري', '0583785155', '', 'active', 'عسكري', '2025-03-03 11:04:51'),
(1724, 'سعود بن عبدالعزيز الرشيدي', '0589483621', '', 'active', 'متقاعد', '2025-03-03 11:04:51'),
(1725, 'سعود بن عبدالعزيز الزهراني', '0539895462', '', 'active', 'طالب', '2025-03-03 11:04:51'),
(1726, 'سعود بن عبدالعزيز العتيبي', '0564549638', '', 'active', 'مدني', '2025-03-03 11:04:51'),
(1727, 'سعود بن عبدالعزيز الغامدي', '0556536889', '', 'active', 'عسكري', '2025-03-03 11:04:51'),
(1728, 'سعود بن عبدالعزيز آل سعود', '0511831838', '', 'active', 'مدني', '2025-03-03 11:04:51'),
(1729, 'سعود بن فهد الدوسري', '0523873391', '', 'active', 'متقاعد', '2025-03-03 11:04:51'),
(1730, 'سعود بن فهد الرشيدي', '0547179115', '', 'active', 'مدني', '2025-03-03 11:04:51'),
(1731, 'سعود بن فهد المطيري', '0584697886', '', 'active', 'عسكري', '2025-03-03 11:04:51'),
(1732, 'سعود بن فهد آل سعود', '0552507480', '', 'active', 'متقاعد', '2025-03-03 11:04:51'),
(1733, 'سعود بن فيصل الزهراني', '0553867678', '', 'active', 'مدني', '2025-03-03 11:04:51'),
(1734, 'سعود بن فيصل العتيبي', '0568328628', '', 'active', 'مدني', '2025-03-03 11:04:51'),
(1735, 'سعود بن فيصل الغامدي', '0539267607', '', 'active', 'عسكري', '2025-03-03 11:04:51'),
(1736, 'سعود بن ماجد الدوسري', '0583735291', '', 'active', 'عسكري', '2025-03-03 11:04:51'),
(1737, 'سعود بن ماجد الزهراني', '0593467601', '', 'active', 'عسكري', '2025-03-03 11:04:51'),
(1738, 'سعود بن محمد الدوسري', '0510377679', '', 'active', 'عسكري', '2025-03-03 11:04:51'),
(1739, 'سعود بن محمد آل سعود', '0579577055', '', 'active', 'عسكري', '2025-03-03 11:04:51'),
(1740, 'سعود بن ناصر الحربي', '0557710727', '', 'active', 'طالب', '2025-03-03 11:04:51'),
(1741, 'سعود بن ناصر الشمري', '0530977985', '', 'active', 'متقاعد', '2025-03-03 11:04:51'),
(1742, 'سعود بن ناصر الغامدي', '0571295305', '', 'active', 'مدني', '2025-03-03 11:04:51'),
(1743, 'سعود بن ناصر المطيري', '0588686482', '', 'active', 'عسكري', '2025-03-03 11:04:51'),
(1744, 'عبدالله بن تركي الرشيدي', '0558227012', '', 'active', 'عسكري', '2025-03-03 11:04:51'),
(1745, 'عبدالله بن تركي الزهراني', '0579061621', '', 'active', 'طالب', '2025-03-03 11:04:51'),
(1746, 'عبدالله بن تركي العتيبي', '0598017719', '', 'active', 'مدني', '2025-03-03 11:04:51'),
(1747, 'عبدالله بن تركي الغامدي', '0521800414', '', 'active', 'متقاعد', '2025-03-03 11:04:51'),
(1748, 'عبدالله بن تركي القحطاني', '0593666707', '', 'active', 'طالب', '2025-03-03 11:04:51'),
(1749, 'عبدالله بن تركي آل سعود', '0591926735', '', 'active', 'مدني', '2025-03-03 11:04:51'),
(1750, 'عبدالله بن خالد الرشيدي', '0585310985', '', 'active', 'عسكري', '2025-03-03 11:04:51'),
(1751, 'عبدالله بن خالد العتيبي', '0559908743', '', 'active', 'متقاعد', '2025-03-03 11:04:51'),
(1752, 'عبدالله بن خالد الغامدي', '0562181834', '', 'active', 'متقاعد', '2025-03-03 11:04:51'),
(1753, 'عبدالله بن خالد القحطاني', '0570406253', '', 'active', 'مدني', '2025-03-03 11:04:51'),
(1754, 'عبدالله بن سعود الدوسري', '0533821742', '', 'active', 'مدني', '2025-03-03 11:04:51'),
(1755, 'عبدالله بن سعود العتيبي', '0543995065', '', 'active', 'متقاعد', '2025-03-03 11:04:51'),
(1756, 'عبدالله بن سعود المطيري', '0559166034', '', 'active', 'طالب', '2025-03-03 11:04:52'),
(1757, 'عبدالله بن سلطان الحربي', '0583416825', '', 'active', 'مدني', '2025-03-03 11:04:52'),
(1758, 'عبدالله بن سلطان الزهراني', '0584026834', '', 'active', 'عسكري', '2025-03-03 11:04:52'),
(1759, 'عبدالله بن سلطان الغامدي', '0550858928', '', 'active', 'طالب', '2025-03-03 11:04:52'),
(1760, 'عبدالله بن سلطان القحطاني', '0512661333', '', 'active', 'متقاعد', '2025-03-03 11:04:52'),
(1761, 'عبدالله بن عبدالعزيز الحربي', '0580913298', '', 'active', 'مدني', '2025-03-03 11:04:52'),
(1762, 'عبدالله بن عبدالعزيز الزهراني', '0539743200', '', 'active', 'عسكري', '2025-03-03 11:04:52'),
(1763, 'عبدالله بن عبدالعزيز القحطاني', '0580290531', '', 'active', 'مدني', '2025-03-03 11:04:52'),
(1764, 'عبدالله بن عبدالعزيز آل سعود', '0536576084', '', 'active', 'عسكري', '2025-03-03 11:04:52'),
(1765, 'عبدالله بن فهد الحربي', '0557692703', '', 'active', 'مدني', '2025-03-03 11:04:52'),
(1766, 'عبدالله بن فهد الدوسري', '0565807327', '', 'active', 'مدني', '2025-03-03 11:04:52'),
(1767, 'عبدالله بن فهد الشمري', '0580282114', '', 'active', 'طالب', '2025-03-03 11:04:52'),
(1768, 'عبدالله بن فهد العتيبي', '0540903661', '', 'active', 'طالب', '2025-03-03 11:04:52'),
(1769, 'عبدالله بن فهد الغامدي', '0566371888', '', 'active', 'طالب', '2025-03-03 11:04:52'),
(1770, 'عبدالله بن فهد القحطاني', '0570932895', '', 'active', 'متقاعد', '2025-03-03 11:04:52'),
(1771, 'عبدالله بن فهد المطيري', '0519050185', '', 'active', 'عسكري', '2025-03-03 11:04:52'),
(1772, 'عبدالله بن فيصل الرشيدي', '0534630295', '', 'active', 'متقاعد', '2025-03-03 11:04:52'),
(1773, 'عبدالله بن فيصل الشمري', '0543547989', '', 'active', 'مدني', '2025-03-03 11:04:52'),
(1774, 'عبدالله بن فيصل القحطاني', '0556997481', '', 'active', 'عسكري', '2025-03-03 11:04:52'),
(1775, 'عبدالله بن فيصل المطيري', '0579724263', '', 'active', 'مدني', '2025-03-03 11:04:52'),
(1776, 'عبدالله بن ماجد الحربي', '0521425402', '', 'active', 'مدني', '2025-03-03 11:04:52'),
(1777, 'عبدالله بن ماجد الغامدي', '0573518091', '', 'active', 'مدني', '2025-03-03 11:04:52'),
(1778, 'عبدالله بن ماجد القحطاني', '0597953764', '', 'active', 'عسكري', '2025-03-03 11:04:52'),
(1779, 'عبدالله بن ماجد المطيري', '0571321130', '', 'active', 'طالب', '2025-03-03 11:04:52'),
(1780, 'عبدالله بن محمد الدوسري', '0557573667', '', 'active', 'مدني', '2025-03-03 11:04:52'),
(1781, 'عبدالله بن محمد الرشيدي', '0532283421', '', 'active', 'متقاعد', '2025-03-03 11:04:52'),
(1782, 'عبدالله بن محمد الشمري', '0518361557', '', 'active', 'طالب', '2025-03-03 11:04:52'),
(1783, 'عبدالله بن محمد آل سعود', '0596690391', '', 'active', 'عسكري', '2025-03-03 11:04:52'),
(1784, 'عبدالله بن ناصر الحربي', '0590647466', '', 'active', 'عسكري', '2025-03-03 11:04:52'),
(1785, 'عبدالله بن ناصر الرشيدي', '0559203527', '', 'active', 'مدني', '2025-03-03 11:04:52'),
(1786, 'عبدالله بن ناصر الغامدي', '0532770341', '', 'active', 'مدني', '2025-03-03 11:04:52'),
(1787, 'عبدالله بن ناصر القحطاني', '0520255218', '', 'active', 'مدني', '2025-03-03 11:04:52'),
(1788, 'عبدالله بن ناصر المطيري', '0599921027', '', 'active', 'مدني', '2025-03-03 11:04:52'),
(1789, 'عبدالله بن ناصر آل سعود', '0512935713', '', 'active', 'مدني', '2025-03-03 11:04:52'),
(1790, 'فهد بن تركي العتيبي', '0567139013', '', 'active', 'طالب', '2025-03-03 11:04:52'),
(1791, 'فهد بن تركي الغامدي', '0566885277', '', 'active', 'متقاعد', '2025-03-03 11:04:52'),
(1792, 'فهد بن تركي آل سعود', '0545254821', '', 'active', 'متقاعد', '2025-03-03 11:04:52'),
(1793, 'فهد بن خالد الزهراني', '0555310774', '', 'active', 'طالب', '2025-03-03 11:04:52'),
(1794, 'فهد بن خالد العتيبي', '0586346047', '', 'active', 'مدني', '2025-03-03 11:04:52'),
(1795, 'فهد بن سعود الرشيدي', '0575772777', '', 'active', 'عسكري', '2025-03-03 11:04:52'),
(1796, 'فهد بن سعود العتيبي', '0557816265', '', 'active', 'متقاعد', '2025-03-03 11:04:52'),
(1797, 'فهد بن سلطان الرشيدي', '0553700448', '', 'active', 'طالب', '2025-03-03 11:04:52'),
(1798, 'فهد بن سلطان العتيبي', '0525090175', '', 'active', 'مدني', '2025-03-03 11:04:52'),
(1799, 'فهد بن سلطان الغامدي', '0561921774', '', 'active', 'طالب', '2025-03-03 11:04:52'),
(1800, 'فهد بن عبدالعزيز الدوسري', '0582229910', '', 'active', 'طالب', '2025-03-03 11:04:52'),
(1801, 'فهد بن عبدالعزيز الغامدي', '0528905907', '', 'active', 'متقاعد', '2025-03-03 11:04:52'),
(1802, 'فهد بن عبدالعزيز القحطاني', '0593006310', '', 'active', 'عسكري', '2025-03-03 11:04:52'),
(1803, 'فهد بن فهد الزهراني', '0534069425', '', 'active', 'مدني', '2025-03-03 11:04:52'),
(1804, 'فهد بن فهد العتيبي', '0570529768', '', 'active', 'عسكري', '2025-03-03 11:04:52'),
(1805, 'فهد بن فهد القحطاني', '0542683561', '', 'active', 'طالب', '2025-03-03 11:04:52'),
(1806, 'فهد بن فيصل الحربي', '0529890836', '', 'active', 'مدني', '2025-03-03 11:04:52'),
(1807, 'فهد بن فيصل الدوسري', '0550054132', '', 'active', 'عسكري', '2025-03-03 11:04:52'),
(1808, 'فهد بن فيصل الشمري', '0598520699', '', 'active', 'مدني', '2025-03-03 11:04:52'),
(1809, 'فهد بن فيصل العتيبي', '0527310580', '', 'active', 'عسكري', '2025-03-03 11:04:52'),
(1810, 'فهد بن فيصل آل سعود', '0544879089', '', 'active', 'عسكري', '2025-03-03 11:04:52'),
(1811, 'فهد بن ماجد الدوسري', '0526097765', '', 'active', 'مدني', '2025-03-03 11:04:52'),
(1812, 'فهد بن محمد العتيبي', '0530843902', '', 'active', 'طالب', '2025-03-03 11:04:52'),
(1813, 'فهد بن محمد القحطاني', '0519427175', '', 'active', 'عسكري', '2025-03-03 11:04:52'),
(1814, 'فهد بن ناصر الرشيدي', '0561746444', '', 'active', 'طالب', '2025-03-03 11:04:52'),
(1815, 'فهد بن ناصر الزهراني', '0573878398', '', 'active', 'عسكري', '2025-03-03 11:04:52'),
(1816, 'فهد بن ناصر العتيبي', '0579413044', '', 'active', 'عسكري', '2025-03-03 11:04:52'),
(1817, 'فهد بن ناصر القحطاني', '0528452432', '', 'active', 'طالب', '2025-03-03 11:04:52'),
(1818, 'فهد بن ناصر آل سعود', '0564537434', '', 'active', 'عسكري', '2025-03-03 11:04:52'),
(1819, 'ماجد بن تركي الدوسري', '0546245476', '', 'active', 'مدني', '2025-03-03 11:04:52'),
(1820, 'ماجد بن تركي الغامدي', '0569954501', '', 'active', 'متقاعد', '2025-03-03 11:04:52'),
(1821, 'ماجد بن تركي القحطاني', '0534495657', '', 'active', 'مدني', '2025-03-03 11:04:52'),
(1822, 'ماجد بن تركي المطيري', '0518680892', '', 'active', 'طالب', '2025-03-03 11:04:52'),
(1823, 'ماجد بن تركي آل سعود', '0572520571', '', 'active', 'طالب', '2025-03-03 11:04:52'),
(1824, 'ماجد بن خالد الدوسري', '0524039427', '', 'active', 'عسكري', '2025-03-03 11:04:52'),
(1825, 'ماجد بن خالد الشمري', '0539045965', '', 'active', 'مدني', '2025-03-03 11:04:52'),
(1826, 'ماجد بن خالد الغامدي', '0546952218', '', 'active', 'طالب', '2025-03-03 11:04:52'),
(1827, 'ماجد بن خالد القحطاني', '0597549482', '', 'active', 'طالب', '2025-03-03 11:04:52'),
(1828, 'ماجد بن خالد آل سعود', '0538278905', '', 'active', 'عسكري', '2025-03-03 11:04:52'),
(1829, 'ماجد بن سعود الحربي', '0544785451', '', 'active', 'عسكري', '2025-03-03 11:04:52'),
(1830, 'ماجد بن سعود الزهراني', '0566515998', '', 'active', 'متقاعد', '2025-03-03 11:04:52'),
(1831, 'ماجد بن سعود العتيبي', '0513856494', '', 'active', 'عسكري', '2025-03-03 11:04:52'),
(1832, 'ماجد بن سعود القحطاني', '0579123593', '', 'active', 'عسكري', '2025-03-03 11:04:52'),
(1833, 'ماجد بن سلطان الغامدي', '0557890795', '', 'active', 'مدني', '2025-03-03 11:04:52'),
(1834, 'ماجد بن سلطان القحطاني', '0568457669', '', 'active', 'طالب', '2025-03-03 11:04:52'),
(1835, 'ماجد بن سلطان آل سعود', '0512541687', '', 'active', 'طالب', '2025-03-03 11:04:52'),
(1836, 'ماجد بن عبدالعزيز الحربي', '0527860324', '', 'active', 'عسكري', '2025-03-03 11:04:52'),
(1837, 'ماجد بن عبدالعزيز الدوسري', '0553135454', '', 'active', 'متقاعد', '2025-03-03 11:04:52'),
(1838, 'ماجد بن عبدالعزيز العتيبي', '0552018906', '', 'active', 'عسكري', '2025-03-03 11:04:52'),
(1839, 'ماجد بن عبدالعزيز القحطاني', '0546552821', '', 'active', 'عسكري', '2025-03-03 11:04:52'),
(1840, 'ماجد بن فهد الزهراني', '0580003541', '', 'active', 'متقاعد', '2025-03-03 11:04:52'),
(1841, 'ماجد بن فهد الشمري', '0552197885', '', 'active', 'مدني', '2025-03-03 11:04:52'),
(1842, 'ماجد بن فهد القحطاني', '0573436387', '', 'active', 'مدني', '2025-03-03 11:04:52'),
(1843, 'ماجد بن فهد المطيري', '0571021867', '', 'active', 'عسكري', '2025-03-03 11:04:52'),
(1844, 'ماجد بن فهد آل سعود', '0572228256', '', 'active', 'مدني', '2025-03-03 11:04:52'),
(1845, 'ماجد بن فيصل الرشيدي', '0532619457', '', 'active', 'عسكري', '2025-03-03 11:04:52'),
(1846, 'ماجد بن ماجد الحربي', '0570803633', '', 'active', 'طالب', '2025-03-03 11:04:52'),
(1847, 'ماجد بن ماجد الغامدي', '0540258001', '', 'active', 'طالب', '2025-03-03 11:04:52'),
(1848, 'ماجد بن ماجد آل سعود', '0535404282', '', 'active', 'عسكري', '2025-03-03 11:04:52'),
(1849, 'ماجد بن محمد المطيري', '0597888230', '', 'active', 'طالب', '2025-03-03 11:04:52'),
(1850, 'ماجد بن محمد آل سعود', '0594588525', '', 'active', 'متقاعد', '2025-03-03 11:04:52'),
(1851, 'ماجد بن ناصر الحربي', '0523548290', '', 'active', 'طالب', '2025-03-03 11:04:52'),
(1852, 'ماجد بن ناصر الزهراني', '0555673311', '', 'active', 'عسكري', '2025-03-03 11:04:52'),
(1853, 'ماجد بن ناصر الشمري', '0523335194', '', 'active', 'طالب', '2025-03-03 11:04:52'),
(1854, 'ماجد بن ناصر العتيبي', '0533672510', '', 'active', 'طالب', '2025-03-03 11:04:52'),
(1855, 'ماجد بن ناصر الغامدي', '0525621121', '', 'active', 'عسكري', '2025-03-03 11:04:52'),
(1856, 'ماجد بن ناصر المطيري', '0530929676', '', 'active', 'عسكري', '2025-03-03 11:04:52'),
(1857, 'محمد بن تركي الدوسري', '0577484202', '', 'active', 'عسكري', '2025-03-03 11:04:52'),
(1858, 'محمد بن تركي المطيري', '0555902725', '', 'active', 'مدني', '2025-03-03 11:04:52'),
(1859, 'محمد بن تركي آل سعود', '0512955524', '', 'active', 'طالب', '2025-03-03 11:04:52'),
(1860, 'محمد بن خالد الحربي', '0540432140', '', 'active', 'طالب', '2025-03-03 11:04:52'),
(1861, 'محمد بن خالد الزهراني', '0544949340', '', 'active', 'عسكري', '2025-03-03 11:04:52'),
(1862, 'محمد بن خالد العتيبي', '0572180090', '', 'active', 'مدني', '2025-03-03 11:04:52'),
(1863, 'محمد بن خالد القحطاني', '0532320863', '', 'active', 'مدني', '2025-03-03 11:04:52'),
(1864, 'محمد بن خالد المطيري', '0512106171', '', 'active', 'عسكري', '2025-03-03 11:04:52'),
(1865, 'محمد بن سعود الحربي', '0550510401', '', 'active', 'عسكري', '2025-03-03 11:04:52'),
(1866, 'محمد بن سعود الدوسري', '0566385509', '', 'active', 'عسكري', '2025-03-03 11:04:52'),
(1867, 'محمد بن سعود الغامدي', '0551044255', '', 'active', 'متقاعد', '2025-03-03 11:04:52'),
(1868, 'محمد بن سعود المطيري', '0557256103', '', 'active', 'متقاعد', '2025-03-03 11:04:52'),
(1869, 'محمد بن سعود آل سعود', '0527495180', '', 'active', 'متقاعد', '2025-03-03 11:04:52'),
(1870, 'محمد بن سلطان القحطاني', '0542710655', '', 'active', 'متقاعد', '2025-03-03 11:04:52'),
(1871, 'محمد بن سلطان المطيري', '0561862378', '', 'active', 'طالب', '2025-03-03 11:04:52'),
(1872, 'محمد بن عبدالعزيز الدوسري', '0598822647', '', 'active', 'عسكري', '2025-03-03 11:04:52'),
(1873, 'محمد بن عبدالعزيز الرشيدي', '0514181343', '', 'active', 'طالب', '2025-03-03 11:04:52'),
(1874, 'محمد بن عبدالعزيز الغامدي', '0540182177', '', 'active', 'متقاعد', '2025-03-03 11:04:52'),
(1875, 'محمد بن عبدالعزيز القحطاني', '0583857429', '', 'active', 'طالب', '2025-03-03 11:04:52'),
(1876, 'محمد بن عبدالعزيز المطيري', '0566035949', '', 'active', 'طالب', '2025-03-03 11:04:52'),
(1877, 'محمد بن فهد الحربي', '0596005577', '', 'active', 'متقاعد', '2025-03-03 11:04:52'),
(1878, 'محمد بن فهد الدوسري', '0552443900', '', 'active', 'عسكري', '2025-03-03 11:04:52'),
(1879, 'محمد بن فهد الشمري', '0511838709', '', 'active', 'مدني', '2025-03-03 11:04:52'),
(1880, 'محمد بن فهد المطيري', '0540548597', '', 'active', 'مدني', '2025-03-03 11:04:52'),
(1881, 'محمد بن فهد آل سعود', '0534752251', '', 'active', 'مدني', '2025-03-03 11:04:52'),
(1882, 'محمد بن فيصل الحربي', '0599894300', '', 'active', 'طالب', '2025-03-03 11:04:52'),
(1883, 'محمد بن فيصل الدوسري', '0585361211', '', 'active', 'مدني', '2025-03-03 11:04:52'),
(1884, 'محمد بن فيصل الشمري', '0537795172', '', 'active', 'طالب', '2025-03-03 11:04:52'),
(1885, 'محمد بن فيصل الغامدي', '0527101113', '', 'active', 'عسكري', '2025-03-03 11:04:52'),
(1886, 'محمد بن ماجد الرشيدي', '0593459505', '', 'active', 'طالب', '2025-03-03 11:04:52'),
(1887, 'محمد بن ماجد المطيري', '0536934852', '', 'active', 'مدني', '2025-03-03 11:04:52'),
(1888, 'محمد بن ماجد آل سعود', '0534671280', '', 'active', 'طالب', '2025-03-03 11:04:52'),
(1889, 'محمد بن محمد الرشيدي', '0570130893', '', 'active', 'مدني', '2025-03-03 11:04:52'),
(1890, 'محمد بن محمد الشمري', '0584181257', '', 'active', 'عسكري', '2025-03-03 11:04:52'),
(1891, 'محمد بن محمد المطيري', '0518790336', '', 'active', 'مدني', '2025-03-03 11:04:52'),
(1892, 'محمد بن محمد آل سعود', '0564960908', '', 'active', 'طالب', '2025-03-03 11:04:52'),
(1893, 'محمد بن ناصر العتيبي', '0554917062', '', 'active', 'عسكري', '2025-03-03 11:04:52'),
(1894, 'محمد بن ناصر الغامدي', '0581267725', '', 'active', 'مدني', '2025-03-03 11:04:52'),
(1895, 'ناصر بن تركي الدوسري', '0537767819', '', 'active', 'عسكري', '2025-03-03 11:04:52'),
(1896, 'ناصر بن تركي الزهراني', '0592342764', '', 'active', 'متقاعد', '2025-03-03 11:04:52'),
(1897, 'ناصر بن تركي القحطاني', '0589387444', '', 'active', 'عسكري', '2025-03-03 11:04:52'),
(1898, 'ناصر بن تركي آل سعود', '0540427381', '', 'active', 'مدني', '2025-03-03 11:04:52'),
(1899, 'ناصر بن خالد الحربي', '0577211395', '', 'active', 'عسكري', '2025-03-03 11:04:52'),
(1900, 'ناصر بن خالد الرشيدي', '0517076316', '', 'active', 'مدني', '2025-03-03 11:04:52'),
(1901, 'ناصر بن خالد الشمري', '0562142638', '', 'active', 'طالب', '2025-03-03 11:04:52'),
(1902, 'ناصر بن خالد القحطاني', '0585380324', '', 'active', 'طالب', '2025-03-03 11:04:52'),
(1903, 'ناصر بن سعود الرشيدي', '0510812095', '', 'active', 'متقاعد', '2025-03-03 11:04:52'),
(1904, 'ناصر بن سعود الزهراني', '0578909198', '', 'active', 'عسكري', '2025-03-03 11:04:52'),
(1905, 'ناصر بن سعود الشمري', '0556798743', '', 'active', 'طالب', '2025-03-03 11:04:52'),
(1906, 'ناصر بن سعود الغامدي', '0591892634', '', 'active', 'عسكري', '2025-03-03 11:04:52'),
(1907, 'ناصر بن سعود المطيري', '0557574381', '', 'active', 'طالب', '2025-03-03 11:04:52'),
(1908, 'ناصر بن سلطان الحربي', '0558577964', '', 'active', 'عسكري', '2025-03-03 11:04:52'),
(1909, 'ناصر بن سلطان الدوسري', '0534848518', '', 'active', 'طالب', '2025-03-03 11:04:52'),
(1910, 'ناصر بن سلطان الرشيدي', '0536421857', '', 'active', 'عسكري', '2025-03-03 11:04:52'),
(1911, 'ناصر بن سلطان الزهراني', '0565863563', '', 'active', 'عسكري', '2025-03-03 11:04:52'),
(1912, 'ناصر بن سلطان الشمري', '0586883180', '', 'active', 'عسكري', '2025-03-03 11:04:52'),
(1913, 'ناصر بن سلطان العتيبي', '0514233950', '', 'active', 'مدني', '2025-03-03 11:04:52'),
(1914, 'ناصر بن سلطان الغامدي', '0553104117', '', 'active', 'مدني', '2025-03-03 11:04:52'),
(1915, 'ناصر بن عبدالعزيز الحربي', '0575667722', '', 'active', 'طالب', '2025-03-03 11:04:52'),
(1916, 'ناصر بن عبدالعزيز الزهراني', '0533559005', '', 'active', 'متقاعد', '2025-03-03 11:04:52'),
(1917, 'ناصر بن عبدالعزيز العتيبي', '0558791780', '', 'active', 'عسكري', '2025-03-03 11:04:52'),
(1918, 'ناصر بن عبدالعزيز المطيري', '0574187690', '', 'active', 'عسكري', '2025-03-03 11:04:52'),
(1919, 'ناصر بن فهد الحربي', '0588734029', '', 'active', 'عسكري', '2025-03-03 11:04:52'),
(1920, 'ناصر بن فهد الدوسري', '0512246558', '', 'active', 'متقاعد', '2025-03-03 11:04:52'),
(1921, 'ناصر بن فهد الشمري', '0540037123', '', 'active', 'عسكري', '2025-03-03 11:04:52'),
(1922, 'ناصر بن فهد الغامدي', '0538645122', '', 'active', 'مدني', '2025-03-03 11:04:52'),
(1923, 'ناصر بن فهد المطيري', '0598250621', '', 'active', 'مدني', '2025-03-03 11:04:52'),
(1924, 'ناصر بن فهد آل سعود', '0530809257', '', 'active', 'طالب', '2025-03-03 11:04:52'),
(1925, 'ناصر بن فيصل الحربي', '0516343873', '', 'active', 'عسكري', '2025-03-03 11:04:52'),
(1926, 'ناصر بن فيصل الزهراني', '0566243638', '', 'active', 'مدني', '2025-03-03 11:04:52'),
(1927, 'ناصر بن فيصل الشمري', '0572119504', '', 'active', 'طالب', '2025-03-03 11:04:52'),
(1928, 'ناصر بن فيصل الغامدي', '0541829995', '', 'active', 'طالب', '2025-03-03 11:04:52'),
(1929, 'ناصر بن فيصل آل سعود', '0593667672', '', 'active', 'عسكري', '2025-03-03 11:04:52'),
(1930, 'ناصر بن ماجد الحربي', '0561478946', '', 'active', 'عسكري', '2025-03-03 11:04:52'),
(1931, 'ناصر بن ماجد الرشيدي', '0534212824', '', 'active', 'متقاعد', '2025-03-03 11:04:52'),
(1932, 'ناصر بن محمد الحربي', '0531327440', '', 'active', 'متقاعد', '2025-03-03 11:04:52'),
(1933, 'ناصر بن محمد الرشيدي', '0552855770', '', 'active', 'طالب', '2025-03-03 11:04:52'),
(1934, 'ناصر بن محمد العتيبي', '0577659996', '', 'active', 'عسكري', '2025-03-03 11:04:52'),
(1935, 'ناصر بن محمد الغامدي', '0536286726', '', 'active', 'مدني', '2025-03-03 11:04:52'),
(1936, 'ناصر بن محمد المطيري', '0572200541', '', 'active', 'عسكري', '2025-03-03 11:04:52'),
(1937, 'ناصر بن محمد آل سعود', '0542387632', '', 'active', 'متقاعد', '2025-03-03 11:04:52'),
(1938, 'ناصر بن ناصر الحربي', '0537698190', '', 'active', 'طالب', '2025-03-03 11:04:52'),
(1939, 'ناصر بن ناصر الزهراني', '0589044653', '', 'active', 'عسكري', '2025-03-03 11:04:52'),
(1940, 'ناصر بن ناصر الشمري', '0572538026', '', 'active', 'عسكري', '2025-03-03 11:04:52'),
(1941, 'ياسر بن تركي الدوسري', '0559969283', '', 'active', 'عسكري', '2025-03-03 11:04:52'),
(1942, 'ياسر بن تركي الزهراني', '0559348019', '', 'active', 'طالب', '2025-03-03 11:04:52'),
(1943, 'ياسر بن تركي العتيبي', '0540357528', '', 'active', 'طالب', '2025-03-03 11:04:52'),
(1944, 'ياسر بن تركي القحطاني', '0571589701', '', 'active', 'طالب', '2025-03-03 11:04:52'),
(1945, 'ياسر بن خالد الدوسري', '0550231502', '', 'active', 'متقاعد', '2025-03-03 11:04:52'),
(1946, 'ياسر بن خالد الرشيدي', '0535734129', '', 'active', 'متقاعد', '2025-03-03 11:04:52'),
(1947, 'ياسر بن سعود الرشيدي', '0512359455', '', 'active', 'مدني', '2025-03-03 11:04:52'),
(1948, 'ياسر بن سعود الزهراني', '0557668744', '', 'active', 'متقاعد', '2025-03-03 11:04:52'),
(1949, 'ياسر بن سعود العتيبي', '0560330801', '', 'active', 'طالب', '2025-03-03 11:04:52'),
(1950, 'ياسر بن سعود آل سعود', '0578903396', '', 'active', 'متقاعد', '2025-03-03 11:04:52'),
(1951, 'ياسر بن سلطان الدوسري', '0580678012', '', 'active', 'عسكري', '2025-03-03 11:04:52'),
(1952, 'ياسر بن سلطان الشمري', '0572462073', '', 'active', 'عسكري', '2025-03-03 11:04:52'),
(1953, 'ياسر بن سلطان القحطاني', '0563556130', '', 'active', 'عسكري', '2025-03-03 11:04:52'),
(1954, 'ياسر بن عبدالعزيز الزهراني', '0531656086', '', 'active', 'عسكري', '2025-03-03 11:04:52'),
(1955, 'ياسر بن عبدالعزيز القحطاني', '0575776186', '', 'active', 'طالب', '2025-03-03 11:04:52'),
(1956, 'ياسر بن فهد الدوسري', '0592141422', '', 'active', 'مدني', '2025-03-03 11:04:52'),
(1957, 'ياسر بن فهد الغامدي', '0512239499', '', 'active', 'متقاعد', '2025-03-03 11:04:52'),
(1958, 'ياسر بن فهد المطيري', '0526931119', '', 'active', 'عسكري', '2025-03-03 11:04:52'),
(1959, 'ياسر بن فيصل الحربي', '0563712590', '', 'active', 'مدني', '2025-03-03 11:04:52'),
(1960, 'ياسر بن فيصل الرشيدي', '0541545322', '', 'active', 'متقاعد', '2025-03-03 11:04:52'),
(1961, 'ياسر بن فيصل الشمري', '0515477570', '', 'active', 'عسكري', '2025-03-03 11:04:52'),
(1962, 'ياسر بن فيصل المطيري', '0569703313', '', 'active', 'مدني', '2025-03-03 11:04:52'),
(1963, 'ياسر بن فيصل آل سعود', '0563998796', '', 'active', 'طالب', '2025-03-03 11:04:52'),
(1964, 'ياسر بن ماجد الشمري', '0571751675', '', 'active', 'عسكري', '2025-03-03 11:04:52'),
(1965, 'ياسر بن ماجد الغامدي', '0543240357', '', 'active', 'عسكري', '2025-03-03 11:04:52'),
(1966, 'ياسر بن ماجد القحطاني', '0517430182', '', 'active', 'عسكري', '2025-03-03 11:04:52'),
(1967, 'ياسر بن ماجد آل سعود', '0511208798', '', 'active', 'مدني', '2025-03-03 11:04:52'),
(1968, 'ياسر بن محمد الرشيدي', '0556492094', '', 'active', 'عسكري', '2025-03-03 11:04:52'),
(1969, 'ياسر بن محمد الغامدي', '0547515454', '', 'active', 'طالب', '2025-03-03 11:04:52'),
(1970, 'ياسر بن ناصر الدوسري', '0552543648', '', 'active', 'مدني', '2025-03-03 11:04:52'),
(1971, 'ياسر بن ناصر الرشيدي', '0596971358', '', 'active', 'عسكري', '2025-03-03 11:04:52'),
(1972, 'ياسر بن ناصر الزهراني', '0537984773', '', 'active', 'طالب', '2025-03-03 11:04:52'),
(1973, 'ياسر بن ناصر الغامدي', '0516654602', '', 'active', 'طالب', '2025-03-03 11:04:52'),
(1974, 'ياسر بن ناصر القحطاني', '0536363814', '', 'active', 'متقاعد', '2025-03-03 11:04:52'),
(1975, 'ياسر بن ناصر المطيري', '0520625612', '', 'active', 'طالب', '2025-03-03 11:04:52'),
(1976, 'بكيل احمد محمد مرشد', '0536892909', 'i.t@kafel.org.sa', 'active', 'طالب', '2025-03-03 11:05:41');

-- --------------------------------------------------------

--
-- Table structure for table `discount_codes`
--

CREATE TABLE `discount_codes` (
  `id` int(11) NOT NULL,
  `beneficiary_id` int(11) DEFAULT NULL,
  `offer_id` int(11) DEFAULT NULL,
  `code` varchar(20) NOT NULL,
  `is_used` tinyint(1) DEFAULT 0,
  `used_at` timestamp NULL DEFAULT NULL,
  `created_at` timestamp NOT NULL DEFAULT current_timestamp()
) ENGINE=InnoDB DEFAULT CHARSET=utf8mb4 COLLATE=utf8mb4_general_ci;

--
-- Dumping data for table `discount_codes`
--

INSERT INTO `discount_codes` (`id`, `beneficiary_id`, `offer_id`, `code`, `is_used`, `used_at`, `created_at`) VALUES
(2778, 1585, 8, '17186AC4', 0, NULL, '2025-03-05 09:14:28'),
(2779, 1586, 8, '628670AB', 0, NULL, '2025-03-05 09:14:28'),
(2780, 1587, 8, 'A72949FF', 0, NULL, '2025-03-05 09:14:28'),
(2781, 1588, 8, '51D087CF', 0, NULL, '2025-03-05 09:14:28'),
(2782, 1589, 8, '92F9EF75', 0, NULL, '2025-03-05 09:14:28'),
(2783, 1590, 8, 'B0ECCB21', 0, NULL, '2025-03-05 09:14:28'),
(2784, 1591, 8, 'F6FB00BF', 0, NULL, '2025-03-05 09:14:28'),
(2785, 1592, 8, '80A6A51F', 0, NULL, '2025-03-05 09:14:28'),
(2786, 1593, 8, '90DDEE02', 0, NULL, '2025-03-05 09:14:28'),
(2787, 1594, 8, '45737F42', 0, NULL, '2025-03-05 09:14:28'),
(2788, 1595, 8, '2BCAA5F7', 0, NULL, '2025-03-05 09:14:28'),
(2789, 1596, 8, '9FA7412B', 0, NULL, '2025-03-05 09:14:28'),
(2790, 1597, 8, 'B9F9770C', 0, NULL, '2025-03-05 09:14:28'),
(2791, 1598, 8, '77D5571F', 0, NULL, '2025-03-05 09:14:28'),
(2792, 1599, 8, '90E6E011', 0, NULL, '2025-03-05 09:14:28'),
(2793, 1600, 8, '79F04466', 0, NULL, '2025-03-05 09:14:28'),
(2794, 1601, 8, '1319C793', 0, NULL, '2025-03-05 09:14:28'),
(2795, 1602, 8, '2864B3CE', 0, NULL, '2025-03-05 09:14:28'),
(2796, 1603, 8, '007F2B8A', 0, NULL, '2025-03-05 09:14:28'),
(2797, 1604, 8, '1BAEC300', 0, NULL, '2025-03-05 09:14:28'),
(2798, 1605, 8, 'B5006A5B', 0, NULL, '2025-03-05 09:14:28'),
(2799, 1606, 8, 'D9D9AF13', 0, NULL, '2025-03-05 09:14:28'),
(2800, 1607, 8, 'E3EC4154', 0, NULL, '2025-03-05 09:14:28'),
(2801, 1608, 8, 'D49886F9', 0, NULL, '2025-03-05 09:14:28'),
(2802, 1609, 8, 'EE5B0987', 0, NULL, '2025-03-05 09:14:28'),
(2803, 1610, 8, 'A91BFA7F', 0, NULL, '2025-03-05 09:14:28'),
(2804, 1611, 8, '1ED1A93E', 0, NULL, '2025-03-05 09:14:28'),
(2805, 1612, 8, '1B9F2BC3', 0, NULL, '2025-03-05 09:14:28'),
(2806, 1613, 8, 'DFEB25EC', 0, NULL, '2025-03-05 09:14:28'),
(2807, 1614, 8, 'A06AEB60', 0, NULL, '2025-03-05 09:14:28'),
(2808, 1615, 8, '0F052BE4', 0, NULL, '2025-03-05 09:14:28'),
(2809, 1616, 8, 'AAFFA133', 0, NULL, '2025-03-05 09:14:28'),
(2810, 1617, 8, 'DA95BEEE', 0, NULL, '2025-03-05 09:14:28'),
(2811, 1618, 8, '7A39825C', 0, NULL, '2025-03-05 09:14:28'),
(2812, 1619, 8, 'DF14B2B3', 0, NULL, '2025-03-05 09:14:28'),
(2813, 1620, 8, 'F533075B', 0, NULL, '2025-03-05 09:14:28'),
(2814, 1621, 8, 'AFE6ACC3', 0, NULL, '2025-03-05 09:14:28'),
(2815, 1622, 8, 'DF709415', 0, NULL, '2025-03-05 09:14:28'),
(2816, 1623, 8, '3CB03360', 0, NULL, '2025-03-05 09:14:28'),
(2817, 1624, 8, 'A0D2CF8A', 0, NULL, '2025-03-05 09:14:28'),
(2818, 1625, 8, '11967CD3', 0, NULL, '2025-03-05 09:14:28'),
(2819, 1626, 8, 'A6267D22', 0, NULL, '2025-03-05 09:14:28'),
(2820, 1627, 8, '15FE5757', 0, NULL, '2025-03-05 09:14:28'),
(2821, 1628, 8, '96C3EB0A', 0, NULL, '2025-03-05 09:14:28'),
(2822, 1629, 8, '9223DB11', 0, NULL, '2025-03-05 09:14:28'),
(2823, 1630, 8, '3F4B83E5', 0, NULL, '2025-03-05 09:14:28'),
(2824, 1631, 8, '11061193', 0, NULL, '2025-03-05 09:14:28'),
(2825, 1632, 8, '0C6C6832', 0, NULL, '2025-03-05 09:14:28'),
(2826, 1633, 8, '761B5504', 0, NULL, '2025-03-05 09:14:28'),
(2827, 1634, 8, '9D15F54A', 0, NULL, '2025-03-05 09:14:28'),
(2828, 1635, 8, 'BBFE0C83', 0, NULL, '2025-03-05 09:14:28'),
(2829, 1636, 8, '0D2FA7CD', 0, NULL, '2025-03-05 09:14:28'),
(2830, 1637, 8, '1A79F811', 0, NULL, '2025-03-05 09:14:28'),
(2831, 1638, 8, 'B4C95E81', 0, NULL, '2025-03-05 09:14:28'),
(2832, 1639, 8, '12A23457', 0, NULL, '2025-03-05 09:14:28'),
(2833, 1640, 8, 'CD81ADDB', 0, NULL, '2025-03-05 09:14:28'),
(2834, 1641, 8, 'E03D0EDC', 0, NULL, '2025-03-05 09:14:28'),
(2835, 1642, 8, '733EF362', 0, NULL, '2025-03-05 09:14:28'),
(2836, 1643, 8, '1A5B43FD', 0, NULL, '2025-03-05 09:14:28'),
(2837, 1644, 8, '3D1ABD53', 0, NULL, '2025-03-05 09:14:28'),
(2838, 1645, 8, 'F78233EE', 0, NULL, '2025-03-05 09:14:28'),
(2839, 1646, 8, '43132F5F', 0, NULL, '2025-03-05 09:14:28'),
(2840, 1647, 8, '5784BFFA', 0, NULL, '2025-03-05 09:14:28'),
(2841, 1648, 8, '73F27887', 0, NULL, '2025-03-05 09:14:28'),
(2842, 1649, 8, 'E44E526E', 0, NULL, '2025-03-05 09:14:28'),
(2843, 1650, 8, 'AF8A2CA3', 0, NULL, '2025-03-05 09:14:28'),
(2844, 1651, 8, '6C390AEB', 0, NULL, '2025-03-05 09:14:28'),
(2845, 1652, 8, 'B1EFB589', 0, NULL, '2025-03-05 09:14:28'),
(2846, 1653, 8, '603A6EE7', 0, NULL, '2025-03-05 09:14:28'),
(2847, 1654, 8, 'FAE62FEE', 0, NULL, '2025-03-05 09:14:28'),
(2848, 1655, 8, 'C4C8FD29', 0, NULL, '2025-03-05 09:14:28'),
(2849, 1656, 8, '7C755544', 0, NULL, '2025-03-05 09:14:28'),
(2850, 1657, 8, '491C4E18', 0, NULL, '2025-03-05 09:14:28'),
(2851, 1658, 8, '3B1FFF20', 0, NULL, '2025-03-05 09:14:28'),
(2852, 1659, 8, 'EDEA3D55', 0, NULL, '2025-03-05 09:14:28'),
(2853, 1660, 8, '301DF669', 0, NULL, '2025-03-05 09:14:28'),
(2854, 1661, 8, 'C7D466B5', 0, NULL, '2025-03-05 09:14:28'),
(2855, 1662, 8, '03EE5977', 0, NULL, '2025-03-05 09:14:28'),
(2856, 1663, 8, '3992A5CE', 0, NULL, '2025-03-05 09:14:28'),
(2857, 1664, 8, '26C44F88', 0, NULL, '2025-03-05 09:14:28'),
(2858, 1665, 8, 'D5EFE590', 0, NULL, '2025-03-05 09:14:28'),
(2859, 1666, 8, 'F00179B7', 0, NULL, '2025-03-05 09:14:28'),
(2860, 1667, 8, '3292D4A2', 0, NULL, '2025-03-05 09:14:28'),
(2861, 1668, 8, '537B03A4', 0, NULL, '2025-03-05 09:14:28'),
(2862, 1669, 8, '95D1C179', 0, NULL, '2025-03-05 09:14:28'),
(2863, 1670, 8, 'BFF4303C', 0, NULL, '2025-03-05 09:14:28'),
(2864, 1671, 8, 'B86EDA4F', 0, NULL, '2025-03-05 09:14:28'),
(2865, 1672, 8, 'B0773052', 0, NULL, '2025-03-05 09:14:28'),
(2866, 1673, 8, '2616D27E', 0, NULL, '2025-03-05 09:14:28'),
(2867, 1674, 8, '0BAAA6F8', 0, NULL, '2025-03-05 09:14:28'),
(2868, 1675, 8, '7CCF0CD2', 0, NULL, '2025-03-05 09:14:28'),
(2869, 1676, 8, '89896163', 0, NULL, '2025-03-05 09:14:28'),
(2870, 1677, 8, 'B9FEE10A', 0, NULL, '2025-03-05 09:14:28'),
(2871, 1678, 8, 'EAE9E51A', 0, NULL, '2025-03-05 09:14:28'),
(2872, 1679, 8, 'B04F46B1', 0, NULL, '2025-03-05 09:14:28'),
(2873, 1680, 8, 'F921CB02', 0, NULL, '2025-03-05 09:14:28'),
(2874, 1681, 8, 'EDDFA74F', 0, NULL, '2025-03-05 09:14:28'),
(2875, 1682, 8, 'CC34AC2F', 0, NULL, '2025-03-05 09:14:28'),
(2876, 1683, 8, '634BC483', 0, NULL, '2025-03-05 09:14:28'),
(2877, 1684, 8, '23233E25', 0, NULL, '2025-03-05 09:14:28'),
(2878, 1685, 8, '748C9E75', 0, NULL, '2025-03-05 09:14:28'),
(2879, 1686, 8, 'B63B604F', 0, NULL, '2025-03-05 09:14:28'),
(2880, 1687, 8, '65471573', 0, NULL, '2025-03-05 09:14:28'),
(2881, 1688, 8, 'EF4458B8', 0, NULL, '2025-03-05 09:14:28'),
(2882, 1689, 8, 'E8070631', 0, NULL, '2025-03-05 09:14:28'),
(2883, 1690, 8, '55149767', 0, NULL, '2025-03-05 09:14:28'),
(2884, 1691, 8, '3C13AAE3', 0, NULL, '2025-03-05 09:14:28'),
(2885, 1692, 8, '196177EF', 0, NULL, '2025-03-05 09:14:28'),
(2886, 1693, 8, 'FB755E50', 0, NULL, '2025-03-05 09:14:28'),
(2887, 1694, 8, '8993266E', 0, NULL, '2025-03-05 09:14:28'),
(2888, 1695, 8, '37939B20', 0, NULL, '2025-03-05 09:14:28'),
(2889, 1696, 8, '96711A75', 0, NULL, '2025-03-05 09:14:28'),
(2890, 1697, 8, '9E7EF4B9', 0, NULL, '2025-03-05 09:14:28'),
(2891, 1698, 8, 'B39C99D8', 0, NULL, '2025-03-05 09:14:28'),
(2892, 1699, 8, '28D5B7B3', 0, NULL, '2025-03-05 09:14:28'),
(2893, 1700, 8, 'D8AF9148', 0, NULL, '2025-03-05 09:14:28'),
(2894, 1701, 8, 'A92E081C', 0, NULL, '2025-03-05 09:14:28'),
(2895, 1702, 8, '7F765A32', 0, NULL, '2025-03-05 09:14:28'),
(2896, 1703, 8, '2B4DD4D8', 0, NULL, '2025-03-05 09:14:28'),
(2897, 1704, 8, '5776B580', 0, NULL, '2025-03-05 09:14:28'),
(2898, 1705, 8, '8A152172', 0, NULL, '2025-03-05 09:14:28'),
(2899, 1706, 8, '12B6B6F9', 0, NULL, '2025-03-05 09:14:28'),
(2900, 1707, 8, 'AEF34FE8', 0, NULL, '2025-03-05 09:14:28'),
(2901, 1708, 8, '294DDBAC', 0, NULL, '2025-03-05 09:14:28'),
(2902, 1709, 8, '6DFBDA3E', 0, NULL, '2025-03-05 09:14:28'),
(2903, 1710, 8, 'FB948706', 0, NULL, '2025-03-05 09:14:28'),
(2904, 1711, 8, 'AF8FA949', 0, NULL, '2025-03-05 09:14:28'),
(2905, 1712, 8, '144AD3F6', 0, NULL, '2025-03-05 09:14:28'),
(2906, 1713, 8, '33D77C7D', 0, NULL, '2025-03-05 09:14:28'),
(2907, 1714, 8, 'BEFC8115', 0, NULL, '2025-03-05 09:14:28'),
(2908, 1715, 8, '54C4EE85', 0, NULL, '2025-03-05 09:14:28'),
(2909, 1716, 8, '881BFCB3', 0, NULL, '2025-03-05 09:14:28'),
(2910, 1717, 8, '7A07E885', 0, NULL, '2025-03-05 09:14:28'),
(2911, 1718, 8, '0EB2B1BF', 0, NULL, '2025-03-05 09:14:28'),
(2912, 1719, 8, 'A907C0DA', 0, NULL, '2025-03-05 09:14:28'),
(2913, 1720, 8, '9F9859F5', 0, NULL, '2025-03-05 09:14:28'),
(2914, 1721, 8, '4B271B5A', 0, NULL, '2025-03-05 09:14:28'),
(2915, 1722, 8, '2AD8C8AC', 0, NULL, '2025-03-05 09:14:28'),
(2916, 1723, 8, '6256F623', 0, NULL, '2025-03-05 09:14:28'),
(2917, 1724, 8, 'E0E720D7', 0, NULL, '2025-03-05 09:14:28'),
(2918, 1725, 8, 'AEDACAC3', 0, NULL, '2025-03-05 09:14:28'),
(2919, 1726, 8, '84D94D44', 0, NULL, '2025-03-05 09:14:28'),
(2920, 1727, 8, '4303D34D', 0, NULL, '2025-03-05 09:14:28'),
(2921, 1728, 8, 'D25B364C', 0, NULL, '2025-03-05 09:14:28'),
(2922, 1729, 8, '120D636C', 0, NULL, '2025-03-05 09:14:28'),
(2923, 1730, 8, '9157E130', 0, NULL, '2025-03-05 09:14:28'),
(2924, 1731, 8, '67EA1387', 0, NULL, '2025-03-05 09:14:28'),
(2925, 1732, 8, '61546961', 0, NULL, '2025-03-05 09:14:28'),
(2926, 1733, 8, '067543B7', 0, NULL, '2025-03-05 09:14:28'),
(2927, 1734, 8, 'EE390B1B', 0, NULL, '2025-03-05 09:14:28'),
(2928, 1735, 8, '2CC61204', 0, NULL, '2025-03-05 09:14:28'),
(2929, 1736, 8, '368237A1', 0, NULL, '2025-03-05 09:14:28'),
(2930, 1737, 8, '4891206F', 0, NULL, '2025-03-05 09:14:28'),
(2931, 1738, 8, '31BE454F', 0, NULL, '2025-03-05 09:14:28'),
(2932, 1739, 8, '37A9ABF9', 0, NULL, '2025-03-05 09:14:28'),
(2933, 1740, 8, '6FF67CE2', 0, NULL, '2025-03-05 09:14:28'),
(2934, 1741, 8, 'A69ADDFC', 0, NULL, '2025-03-05 09:14:28'),
(2935, 1742, 8, '3B85CE0D', 0, NULL, '2025-03-05 09:14:28'),
(2936, 1743, 8, '65301AC1', 0, NULL, '2025-03-05 09:14:28'),
(2937, 1744, 8, 'F83F9BE7', 0, NULL, '2025-03-05 09:14:28'),
(2938, 1745, 8, 'A2467D36', 0, NULL, '2025-03-05 09:14:28'),
(2939, 1746, 8, '20FBA806', 0, NULL, '2025-03-05 09:14:28'),
(2940, 1747, 8, '8540A29C', 0, NULL, '2025-03-05 09:14:28'),
(2941, 1748, 8, '929F405A', 0, NULL, '2025-03-05 09:14:28'),
(2942, 1749, 8, '76348EAC', 0, NULL, '2025-03-05 09:14:28'),
(2943, 1750, 8, '3782D3BA', 0, NULL, '2025-03-05 09:14:28'),
(2944, 1751, 8, '21465BF8', 0, NULL, '2025-03-05 09:14:28'),
(2945, 1752, 8, 'ECECB603', 0, NULL, '2025-03-05 09:14:28'),
(2946, 1753, 8, '721E4F53', 0, NULL, '2025-03-05 09:14:28'),
(2947, 1754, 8, '45579D67', 0, NULL, '2025-03-05 09:14:28'),
(2948, 1755, 8, 'C50C0734', 0, NULL, '2025-03-05 09:14:28'),
(2949, 1756, 8, 'FB2F9144', 0, NULL, '2025-03-05 09:14:28'),
(2950, 1757, 8, 'E394C4E2', 0, NULL, '2025-03-05 09:14:28'),
(2951, 1758, 8, 'B1EEED6F', 0, NULL, '2025-03-05 09:14:28'),
(2952, 1759, 8, 'A9DD2909', 0, NULL, '2025-03-05 09:14:28'),
(2953, 1760, 8, 'CAA49E75', 0, NULL, '2025-03-05 09:14:28'),
(2954, 1761, 8, '71B7FDD1', 0, NULL, '2025-03-05 09:14:28'),
(2955, 1762, 8, '867F7DCA', 0, NULL, '2025-03-05 09:14:28'),
(2956, 1763, 8, 'DD247264', 0, NULL, '2025-03-05 09:14:28'),
(2957, 1764, 8, 'CDCA4182', 0, NULL, '2025-03-05 09:14:28'),
(2958, 1765, 8, 'DCA261D5', 0, NULL, '2025-03-05 09:14:28'),
(2959, 1766, 8, '2050DA72', 0, NULL, '2025-03-05 09:14:28'),
(2960, 1767, 8, '156DAE35', 0, NULL, '2025-03-05 09:14:28'),
(2961, 1768, 8, '7D5DC6A0', 0, NULL, '2025-03-05 09:14:28'),
(2962, 1769, 8, '3875CD58', 0, NULL, '2025-03-05 09:14:28'),
(2963, 1770, 8, '364200F4', 0, NULL, '2025-03-05 09:14:28'),
(2964, 1771, 8, 'B13E44CD', 0, NULL, '2025-03-05 09:14:28'),
(2965, 1772, 8, '6FC107E2', 0, NULL, '2025-03-05 09:14:28'),
(2966, 1773, 8, '46D641FC', 0, NULL, '2025-03-05 09:14:28'),
(2967, 1774, 8, '0CF5E1BF', 0, NULL, '2025-03-05 09:14:28'),
(2968, 1775, 8, '2119F524', 0, NULL, '2025-03-05 09:14:28'),
(2969, 1776, 8, 'EC8F3296', 0, NULL, '2025-03-05 09:14:28'),
(2970, 1777, 8, 'D55AB912', 0, NULL, '2025-03-05 09:14:28'),
(2971, 1778, 8, '38440C12', 0, NULL, '2025-03-05 09:14:28'),
(2972, 1779, 8, '27F8135B', 0, NULL, '2025-03-05 09:14:28'),
(2973, 1780, 8, 'DECE2150', 0, NULL, '2025-03-05 09:14:28'),
(2974, 1781, 8, 'CD1C9CC6', 0, NULL, '2025-03-05 09:14:28'),
(2975, 1782, 8, '4A8CB1D1', 0, NULL, '2025-03-05 09:14:28'),
(2976, 1783, 8, 'CD35F94B', 0, NULL, '2025-03-05 09:14:28'),
(2977, 1784, 8, '718ED574', 0, NULL, '2025-03-05 09:14:28'),
(2978, 1785, 8, '249B9321', 0, NULL, '2025-03-05 09:14:28'),
(2979, 1786, 8, 'A55741CF', 0, NULL, '2025-03-05 09:14:28'),
(2980, 1787, 8, '5E2359F3', 0, NULL, '2025-03-05 09:14:28'),
(2981, 1788, 8, '8F7710D7', 0, NULL, '2025-03-05 09:14:28'),
(2982, 1789, 8, '5807656F', 0, NULL, '2025-03-05 09:14:28'),
(2983, 1790, 8, '4DF9E883', 0, NULL, '2025-03-05 09:14:28'),
(2984, 1791, 8, '04D1D9B3', 0, NULL, '2025-03-05 09:14:28'),
(2985, 1792, 8, '771B3FAB', 0, NULL, '2025-03-05 09:14:28'),
(2986, 1793, 8, '64B9D568', 0, NULL, '2025-03-05 09:14:28'),
(2987, 1794, 8, 'CDA90FC1', 0, NULL, '2025-03-05 09:14:28'),
(2988, 1795, 8, '400D4870', 0, NULL, '2025-03-05 09:14:28'),
(2989, 1796, 8, '66BE6CCA', 0, NULL, '2025-03-05 09:14:28'),
(2990, 1797, 8, 'A60A3515', 0, NULL, '2025-03-05 09:14:28'),
(2991, 1798, 8, '440081F5', 0, NULL, '2025-03-05 09:14:28'),
(2992, 1799, 8, '3612E4EB', 0, NULL, '2025-03-05 09:14:28'),
(2993, 1800, 8, 'C648818A', 0, NULL, '2025-03-05 09:14:28'),
(2994, 1801, 8, '51108E02', 0, NULL, '2025-03-05 09:14:28'),
(2995, 1802, 8, '6CB94D3B', 0, NULL, '2025-03-05 09:14:28'),
(2996, 1803, 8, 'C1ABFB26', 0, NULL, '2025-03-05 09:14:28'),
(2997, 1804, 8, 'EDB6C1A7', 0, NULL, '2025-03-05 09:14:28'),
(2998, 1805, 8, 'CB804CE1', 0, NULL, '2025-03-05 09:14:28'),
(2999, 1806, 8, '57B89BED', 0, NULL, '2025-03-05 09:14:28'),
(3000, 1807, 8, '8163101E', 0, NULL, '2025-03-05 09:14:28'),
(3001, 1808, 8, '23154CC7', 0, NULL, '2025-03-05 09:14:28'),
(3002, 1809, 8, '724B81BF', 0, NULL, '2025-03-05 09:14:28'),
(3003, 1810, 8, 'FD715860', 0, NULL, '2025-03-05 09:14:28'),
(3004, 1811, 8, '649C8B9A', 0, NULL, '2025-03-05 09:14:28'),
(3005, 1812, 8, 'E69CAE5F', 0, NULL, '2025-03-05 09:14:28'),
(3006, 1813, 8, '248A4D94', 0, NULL, '2025-03-05 09:14:28'),
(3007, 1814, 8, '4CCBBC04', 0, NULL, '2025-03-05 09:14:28'),
(3008, 1815, 8, '2E86A6F0', 0, NULL, '2025-03-05 09:14:28'),
(3009, 1816, 8, 'FA152E0B', 0, NULL, '2025-03-05 09:14:28'),
(3010, 1817, 8, 'C69BBD42', 0, NULL, '2025-03-05 09:14:28'),
(3011, 1818, 8, 'F96AF56B', 0, NULL, '2025-03-05 09:14:28'),
(3012, 1819, 8, '2D1920C1', 0, NULL, '2025-03-05 09:14:28'),
(3013, 1820, 8, 'EF192B39', 0, NULL, '2025-03-05 09:14:28'),
(3014, 1821, 8, 'AD40CC8B', 0, NULL, '2025-03-05 09:14:28'),
(3015, 1822, 8, 'A0074409', 0, NULL, '2025-03-05 09:14:28'),
(3016, 1823, 8, 'EC77D409', 0, NULL, '2025-03-05 09:14:28'),
(3017, 1824, 8, 'D5F97F19', 0, NULL, '2025-03-05 09:14:28'),
(3018, 1825, 8, 'A6DA0CFA', 0, NULL, '2025-03-05 09:14:28'),
(3019, 1826, 8, '17200A3E', 0, NULL, '2025-03-05 09:14:28'),
(3020, 1827, 8, '66DD4E1B', 0, NULL, '2025-03-05 09:14:28'),
(3021, 1828, 8, 'BE362A72', 0, NULL, '2025-03-05 09:14:28'),
(3022, 1829, 8, '8A95C0AF', 0, NULL, '2025-03-05 09:14:28'),
(3023, 1830, 8, '71D8EDB0', 0, NULL, '2025-03-05 09:14:28'),
(3024, 1831, 8, '429D820F', 0, NULL, '2025-03-05 09:14:28'),
(3025, 1832, 8, 'CC7395CC', 0, NULL, '2025-03-05 09:14:28'),
(3026, 1833, 8, '84B49373', 0, NULL, '2025-03-05 09:14:28'),
(3027, 1834, 8, '8A224DFC', 0, NULL, '2025-03-05 09:14:28'),
(3028, 1835, 8, '8551F8A6', 0, NULL, '2025-03-05 09:14:28'),
(3029, 1836, 8, 'E3D4F016', 0, NULL, '2025-03-05 09:14:28'),
(3030, 1837, 8, '68149B21', 0, NULL, '2025-03-05 09:14:28'),
(3031, 1838, 8, '757FC68B', 0, NULL, '2025-03-05 09:14:28'),
(3032, 1839, 8, '010503D1', 0, NULL, '2025-03-05 09:14:28'),
(3033, 1840, 8, '5EDBBCDC', 0, NULL, '2025-03-05 09:14:28'),
(3034, 1841, 8, '3F6147D7', 0, NULL, '2025-03-05 09:14:28'),
(3035, 1842, 8, 'D124E229', 0, NULL, '2025-03-05 09:14:28'),
(3036, 1843, 8, '7802A0E4', 0, NULL, '2025-03-05 09:14:28'),
(3037, 1844, 8, '0D07A5EE', 0, NULL, '2025-03-05 09:14:28'),
(3038, 1845, 8, '3B78C9A1', 0, NULL, '2025-03-05 09:14:28'),
(3039, 1846, 8, '21500139', 0, NULL, '2025-03-05 09:14:28'),
(3040, 1847, 8, '98755A57', 0, NULL, '2025-03-05 09:14:28'),
(3041, 1848, 8, '4234A599', 0, NULL, '2025-03-05 09:14:28'),
(3042, 1849, 8, 'A7E63281', 0, NULL, '2025-03-05 09:14:28'),
(3043, 1850, 8, 'B882F124', 0, NULL, '2025-03-05 09:14:28'),
(3044, 1851, 8, 'EEBF30AB', 0, NULL, '2025-03-05 09:14:28'),
(3045, 1852, 8, '2A0D6AF4', 0, NULL, '2025-03-05 09:14:28'),
(3046, 1853, 8, '332EB8CE', 0, NULL, '2025-03-05 09:14:28'),
(3047, 1854, 8, 'E3AEDD92', 0, NULL, '2025-03-05 09:14:28'),
(3048, 1855, 8, 'B2563017', 0, NULL, '2025-03-05 09:14:28'),
(3049, 1856, 8, '3083D000', 0, NULL, '2025-03-05 09:14:28'),
(3050, 1857, 8, '837FC4A3', 0, NULL, '2025-03-05 09:14:28'),
(3051, 1858, 8, '92F7EE32', 0, NULL, '2025-03-05 09:14:28'),
(3052, 1859, 8, '64661A0E', 0, NULL, '2025-03-05 09:14:28'),
(3053, 1860, 8, 'BABA0315', 0, NULL, '2025-03-05 09:14:28'),
(3054, 1861, 8, '2F113058', 0, NULL, '2025-03-05 09:14:28'),
(3055, 1862, 8, 'F65A998F', 0, NULL, '2025-03-05 09:14:28'),
(3056, 1863, 8, 'D74DD1AA', 0, NULL, '2025-03-05 09:14:28'),
(3057, 1864, 8, 'C8EA13E2', 0, NULL, '2025-03-05 09:14:28'),
(3058, 1865, 8, '4747D90C', 0, NULL, '2025-03-05 09:14:28'),
(3059, 1866, 8, '118A14C6', 0, NULL, '2025-03-05 09:14:28'),
(3060, 1867, 8, 'ADA995B4', 0, NULL, '2025-03-05 09:14:28'),
(3061, 1868, 8, '0BC76727', 0, NULL, '2025-03-05 09:14:28'),
(3062, 1869, 8, '825349D1', 0, NULL, '2025-03-05 09:14:28'),
(3063, 1870, 8, '70E83F2B', 0, NULL, '2025-03-05 09:14:28'),
(3064, 1871, 8, '459DE054', 0, NULL, '2025-03-05 09:14:28'),
(3065, 1872, 8, '4470E99E', 0, NULL, '2025-03-05 09:14:28'),
(3066, 1873, 8, '0B9CFBDD', 0, NULL, '2025-03-05 09:14:28'),
(3067, 1874, 8, '47F6DF35', 0, NULL, '2025-03-05 09:14:28'),
(3068, 1875, 8, '9E6FC212', 0, NULL, '2025-03-05 09:14:28'),
(3069, 1876, 8, 'B83A2E08', 0, NULL, '2025-03-05 09:14:28'),
(3070, 1877, 8, 'D4412DF7', 0, NULL, '2025-03-05 09:14:28'),
(3071, 1878, 8, '6DE0A6AF', 0, NULL, '2025-03-05 09:14:28'),
(3072, 1879, 8, 'BDF1505C', 0, NULL, '2025-03-05 09:14:28'),
(3073, 1880, 8, '29363E54', 0, NULL, '2025-03-05 09:14:28'),
(3074, 1881, 8, '8B9CBC6D', 0, NULL, '2025-03-05 09:14:28'),
(3075, 1882, 8, '9B298474', 0, NULL, '2025-03-05 09:14:28'),
(3076, 1883, 8, '21E933CF', 0, NULL, '2025-03-05 09:14:28'),
(3077, 1884, 8, '49084711', 0, NULL, '2025-03-05 09:14:28'),
(3078, 1885, 8, 'A4CEB797', 0, NULL, '2025-03-05 09:14:28'),
(3079, 1886, 8, '15E7C65C', 0, NULL, '2025-03-05 09:14:28'),
(3080, 1887, 8, 'DC812983', 0, NULL, '2025-03-05 09:14:28'),
(3081, 1888, 8, '91F66970', 0, NULL, '2025-03-05 09:14:28'),
(3082, 1889, 8, 'F7979C8B', 0, NULL, '2025-03-05 09:14:28'),
(3083, 1890, 8, '08DE9ACA', 0, NULL, '2025-03-05 09:14:28'),
(3084, 1891, 8, 'C489D0F8', 0, NULL, '2025-03-05 09:14:28'),
(3085, 1892, 8, 'DDB0E910', 0, NULL, '2025-03-05 09:14:28'),
(3086, 1893, 8, 'F1F97BB8', 0, NULL, '2025-03-05 09:14:28'),
(3087, 1894, 8, '5E7C96E9', 0, NULL, '2025-03-05 09:14:28'),
(3088, 1895, 8, 'A03055BF', 0, NULL, '2025-03-05 09:14:28'),
(3089, 1896, 8, 'A01B8FDC', 0, NULL, '2025-03-05 09:14:28'),
(3090, 1897, 8, '158705EC', 0, NULL, '2025-03-05 09:14:28'),
(3091, 1898, 8, '6657A803', 0, NULL, '2025-03-05 09:14:28'),
(3092, 1899, 8, '5E77639F', 0, NULL, '2025-03-05 09:14:28'),
(3093, 1900, 8, '7A96F223', 0, NULL, '2025-03-05 09:14:28'),
(3094, 1901, 8, '31A74FE7', 0, NULL, '2025-03-05 09:14:28'),
(3095, 1902, 8, 'AF889B4D', 0, NULL, '2025-03-05 09:14:28'),
(3096, 1903, 8, 'A4A6FB9F', 0, NULL, '2025-03-05 09:14:28'),
(3097, 1904, 8, '24915BB0', 0, NULL, '2025-03-05 09:14:28'),
(3098, 1905, 8, '16DEF319', 0, NULL, '2025-03-05 09:14:28'),
(3099, 1906, 8, '20F06A3C', 0, NULL, '2025-03-05 09:14:28'),
(3100, 1907, 8, '7E8F5972', 0, NULL, '2025-03-05 09:14:28'),
(3101, 1908, 8, '3120813C', 0, NULL, '2025-03-05 09:14:28'),
(3102, 1909, 8, '2D879F47', 0, NULL, '2025-03-05 09:14:28'),
(3103, 1910, 8, '204A07E4', 0, NULL, '2025-03-05 09:14:28'),
(3104, 1911, 8, '8D27EB96', 0, NULL, '2025-03-05 09:14:28'),
(3105, 1912, 8, '97F7BDD9', 0, NULL, '2025-03-05 09:14:28'),
(3106, 1913, 8, '877B5F10', 0, NULL, '2025-03-05 09:14:28'),
(3107, 1914, 8, '244A3DA4', 0, NULL, '2025-03-05 09:14:28'),
(3108, 1915, 8, 'C45261BB', 0, NULL, '2025-03-05 09:14:28'),
(3109, 1916, 8, '5A62BFCC', 0, NULL, '2025-03-05 09:14:28'),
(3110, 1917, 8, '12193D3C', 0, NULL, '2025-03-05 09:14:28'),
(3111, 1918, 8, '869A81F5', 0, NULL, '2025-03-05 09:14:28'),
(3112, 1919, 8, '580D7C72', 0, NULL, '2025-03-05 09:14:28'),
(3113, 1920, 8, '2C704176', 0, NULL, '2025-03-05 09:14:28'),
(3114, 1921, 8, '35F49122', 0, NULL, '2025-03-05 09:14:28'),
(3115, 1922, 8, '9F2C0896', 0, NULL, '2025-03-05 09:14:28'),
(3116, 1923, 8, '79E800EF', 0, NULL, '2025-03-05 09:14:28'),
(3117, 1924, 8, '99AC1004', 0, NULL, '2025-03-05 09:14:28'),
(3118, 1925, 8, '5708CFB7', 0, NULL, '2025-03-05 09:14:28'),
(3119, 1926, 8, '3C61F18C', 0, NULL, '2025-03-05 09:14:28'),
(3120, 1927, 8, '1521057A', 0, NULL, '2025-03-05 09:14:28'),
(3121, 1928, 8, '95B7792E', 0, NULL, '2025-03-05 09:14:28'),
(3122, 1929, 8, '7E2CF8F4', 0, NULL, '2025-03-05 09:14:28'),
(3123, 1930, 8, '1F83E58F', 0, NULL, '2025-03-05 09:14:28'),
(3124, 1931, 8, '56DCEDE2', 0, NULL, '2025-03-05 09:14:28'),
(3125, 1932, 8, '5D0706FC', 0, NULL, '2025-03-05 09:14:28'),
(3126, 1933, 8, 'C5EC8C02', 0, NULL, '2025-03-05 09:14:28'),
(3127, 1934, 8, '2719DE6F', 0, NULL, '2025-03-05 09:14:28'),
(3128, 1935, 8, 'F3C80697', 0, NULL, '2025-03-05 09:14:28'),
(3129, 1936, 8, '97FB0006', 0, NULL, '2025-03-05 09:14:28'),
(3130, 1937, 8, '1E3FD086', 0, NULL, '2025-03-05 09:14:28'),
(3131, 1938, 8, '88E4562B', 0, NULL, '2025-03-05 09:14:28'),
(3132, 1939, 8, 'D640F1E0', 0, NULL, '2025-03-05 09:14:28'),
(3133, 1940, 8, '0BC7F5FA', 0, NULL, '2025-03-05 09:14:28'),
(3134, 1941, 8, 'F570EDDC', 0, NULL, '2025-03-05 09:14:28'),
(3135, 1942, 8, '186F9D5E', 0, NULL, '2025-03-05 09:14:28'),
(3136, 1943, 8, '265898A0', 0, NULL, '2025-03-05 09:14:28'),
(3137, 1944, 8, '6B27F398', 0, NULL, '2025-03-05 09:14:28'),
(3138, 1945, 8, '0012D964', 0, NULL, '2025-03-05 09:14:28'),
(3139, 1946, 8, 'D1DAB8D1', 0, NULL, '2025-03-05 09:14:28'),
(3140, 1947, 8, 'FACB1A03', 0, NULL, '2025-03-05 09:14:28'),
(3141, 1948, 8, 'B4DE980E', 0, NULL, '2025-03-05 09:14:28'),
(3142, 1949, 8, 'ABB1B3D4', 0, NULL, '2025-03-05 09:14:28'),
(3143, 1950, 8, 'CB58C7FE', 0, NULL, '2025-03-05 09:14:28'),
(3144, 1951, 8, 'BD1267B1', 0, NULL, '2025-03-05 09:14:28'),
(3145, 1952, 8, 'AE45AE21', 0, NULL, '2025-03-05 09:14:28'),
(3146, 1953, 8, 'EC47BBE4', 0, NULL, '2025-03-05 09:14:28'),
(3147, 1954, 8, 'F3AE9B7E', 0, NULL, '2025-03-05 09:14:28'),
(3148, 1955, 8, 'ECF54C1C', 0, NULL, '2025-03-05 09:14:28'),
(3149, 1956, 8, 'C162CFD0', 0, NULL, '2025-03-05 09:14:28'),
(3150, 1957, 8, 'D2812318', 0, NULL, '2025-03-05 09:14:28'),
(3151, 1958, 8, 'CFB17AA4', 0, NULL, '2025-03-05 09:14:29'),
(3152, 1959, 8, '0252ACE8', 0, NULL, '2025-03-05 09:14:29'),
(3153, 1960, 8, '4405A5E8', 0, NULL, '2025-03-05 09:14:29'),
(3154, 1961, 8, 'F7F3C8C6', 0, NULL, '2025-03-05 09:14:29'),
(3155, 1962, 8, '191E6DD6', 0, NULL, '2025-03-05 09:14:29'),
(3156, 1963, 8, '96057906', 1, '2025-03-05 09:16:07', '2025-03-05 09:14:29'),
(3157, 1964, 8, '50BE7C09', 0, NULL, '2025-03-05 09:14:29'),
(3158, 1965, 8, '126BE409', 0, NULL, '2025-03-05 09:14:29'),
(3159, 1966, 8, '2963C3A1', 0, NULL, '2025-03-05 09:14:29'),
(3160, 1967, 8, 'CDE8FDD3', 0, NULL, '2025-03-05 09:14:29'),
(3161, 1968, 8, 'B70247DD', 0, NULL, '2025-03-05 09:14:29'),
(3162, 1969, 8, 'B418CFA5', 0, NULL, '2025-03-05 09:14:29'),
(3163, 1970, 8, 'C65BFE05', 0, NULL, '2025-03-05 09:14:29'),
(3164, 1971, 8, '289B880C', 0, NULL, '2025-03-05 09:14:29'),
(3165, 1972, 8, 'E244CFA7', 0, NULL, '2025-03-05 09:14:29'),
(3166, 1973, 8, 'D0B7DA43', 0, NULL, '2025-03-05 09:14:29'),
(3167, 1974, 8, '0D9FECFB', 0, NULL, '2025-03-05 09:14:29'),
(3168, 1975, 8, 'C6FCCF0F', 0, NULL, '2025-03-05 09:14:29'),
(3169, 1976, 8, '241D339A', 0, NULL, '2025-03-05 09:14:29');

-- --------------------------------------------------------

--
-- Table structure for table `offers`
--

CREATE TABLE `offers` (
  `id` int(11) NOT NULL,
  `title` varchar(100) NOT NULL,
  `discount_percentage` int(11) NOT NULL,
  `start_date` date NOT NULL,
  `end_date` date NOT NULL,
  `status` enum('active','inactive') DEFAULT 'active',
  `created_at` timestamp NOT NULL DEFAULT current_timestamp()
) ENGINE=InnoDB DEFAULT CHARSET=utf8mb4 COLLATE=utf8mb4_general_ci;

--
-- Dumping data for table `offers`
--

INSERT INTO `offers` (`id`, `title`, `discount_percentage`, `start_date`, `end_date`, `status`, `created_at`) VALUES
(8, 'عرض رمضان', 80, '2025-02-26', '2025-05-31', 'active', '2025-02-26 19:09:46');

-- --------------------------------------------------------

--
-- Table structure for table `users`
--

CREATE TABLE `users` (
  `id` int(11) NOT NULL,
  `username` varchar(50) NOT NULL,
  `email` varchar(255) DEFAULT NULL,
  `business_name` varchar(255) DEFAULT NULL,
  `password` varchar(255) NOT NULL,
  `role` enum('admin','responsible') NOT NULL,
  `created_at` timestamp NOT NULL DEFAULT current_timestamp()
) ENGINE=InnoDB DEFAULT CHARSET=utf8mb4 COLLATE=utf8mb4_general_ci;

--
-- Dumping data for table `users`
--

INSERT INTO `users` (`id`, `username`, `email`, `business_name`, `password`, `role`, `created_at`) VALUES
(1, 'admin', NULL, NULL, '$2y$10$ynRqDbNIpQbK1BW/pt2FCuU6SvK.Opiz/9oBNlgDBGUAONfu8cFSa', 'admin', '2025-02-25 19:04:33'),
(2, 'restaurant1', 'i.t@kafel.org.sa', 'ali mohammed', '$2y$10$4gZ2uO.VLWiqHKSnZkcaee0Dh3hM0qIY2DzmLNJy41zZQPjB5p1EC', 'responsible', '2025-02-25 19:24:36'),
(3, 'hospital', 'khal@gmail.com', 'test', '$2y$10$HjVs6ne7hpOQ89BKzm5yhu1i1Lvu7oehPWiU7bBqsbQRpV2QuYCYy', '', '2025-03-04 20:08:35'),
(7, 'h', 'khal@gmail.com', 'hospital', '$2y$10$HMXLjF5wfimuF8DdqpYJgOoM9T7WXs0C4wSNobKlYqk/rDhbyUEN6', '', '2025-03-04 22:29:03'),
(8, 'p', 'i.t@kafel.org.sa', 'ugd', '$2y$10$SO.B9O9.lKhsSOWVDBWQV.OBTQzMK9a.PQwn83S.ROEciyQj4fU1.', 'admin', '2025-03-04 22:37:20'),
(10, 'ali', 'khal@gmail.com', 'bose', '$2y$10$p1MidllhlVQOnv9mY5cqqOl8VJO3CLpEltJgt3PE7gjfthdRSoVQi', 'admin', '2025-03-05 09:01:49'),
(11, 'qasem', 'khal@gmail.com', 'ali mohammed', '$2y$10$H42xwWKqO4pOMKiT0wohZ.Zg2wiIkr7osVxlmvreilHO4BzstyOui', 'responsible', '2025-03-05 09:02:25');

--
-- Indexes for dumped tables
--

--
-- Indexes for table `beneficiaries`
--
ALTER TABLE `beneficiaries`
  ADD PRIMARY KEY (`id`);

--
-- Indexes for table `discount_codes`
--
ALTER TABLE `discount_codes`
  ADD PRIMARY KEY (`id`),
  ADD UNIQUE KEY `code` (`code`),
  ADD KEY `beneficiary_id` (`beneficiary_id`),
  ADD KEY `offer_id` (`offer_id`);

--
-- Indexes for table `offers`
--
ALTER TABLE `offers`
  ADD PRIMARY KEY (`id`);

--
-- Indexes for table `users`
--
ALTER TABLE `users`
  ADD PRIMARY KEY (`id`),
  ADD UNIQUE KEY `username` (`username`);

--
-- AUTO_INCREMENT for dumped tables
--

--
-- AUTO_INCREMENT for table `beneficiaries`
--
ALTER TABLE `beneficiaries`
  MODIFY `id` int(11) NOT NULL AUTO_INCREMENT, AUTO_INCREMENT=1977;

--
-- AUTO_INCREMENT for table `discount_codes`
--
ALTER TABLE `discount_codes`
  MODIFY `id` int(11) NOT NULL AUTO_INCREMENT, AUTO_INCREMENT=3170;

--
-- AUTO_INCREMENT for table `offers`
--
ALTER TABLE `offers`
  MODIFY `id` int(11) NOT NULL AUTO_INCREMENT, AUTO_INCREMENT=9;

--
-- AUTO_INCREMENT for table `users`
--
ALTER TABLE `users`
  MODIFY `id` int(11) NOT NULL AUTO_INCREMENT, AUTO_INCREMENT=12;

--
-- Constraints for dumped tables
--

--
-- Constraints for table `discount_codes`
--
ALTER TABLE `discount_codes`
  ADD CONSTRAINT `discount_codes_ibfk_1` FOREIGN KEY (`beneficiary_id`) REFERENCES `beneficiaries` (`id`),
  ADD CONSTRAINT `discount_codes_ibfk_2` FOREIGN KEY (`offer_id`) REFERENCES `offers` (`id`);
COMMIT;

/*!40101 SET CHARACTER_SET_CLIENT=@OLD_CHARACTER_SET_CLIENT */;
/*!40101 SET CHARACTER_SET_RESULTS=@OLD_CHARACTER_SET_RESULTS */;
/*!40101 SET COLLATION_CONNECTION=@OLD_COLLATION_CONNECTION */;
