-- phpMyAdmin SQL Dump
-- version 5.2.1
-- https://www.phpmyadmin.net/
--
-- Host: 127.0.0.1
-- Generation Time: Mar 02, 2025 at 11:16 AM
-- Server version: 10.4.32-MariaDB
-- PHP Version: 8.2.12

SET SQL_MODE = "NO_AUTO_VALUE_ON_ZERO";
START TRANSACTION;
SET time_zone = "+00:00";


/*!40101 SET @OLD_CHARACTER_SET_CLIENT=@@CHARACTER_SET_CLIENT */;
/*!40101 SET @OLD_CHARACTER_SET_RESULTS=@@CHARACTER_SET_RESULTS */;
/*!40101 SET @OLD_COLLATION_CONNECTION=@@COLLATION_CONNECTION */;
/*!40101 SET NAMES utf8mb4 */;

--
-- Database: `restaurant_discount`
--

-- --------------------------------------------------------

--
-- Table structure for table `beneficiaries`
--

CREATE TABLE `beneficiaries` (
  `id` int(11) NOT NULL,
  `name` varchar(100) NOT NULL,
  `phone` varchar(20) DEFAULT NULL,
  `email` varchar(100) DEFAULT NULL,
  `status` enum('active','inactive') DEFAULT 'active',
  `category` varchar(255) NOT NULL,
  `created_at` timestamp NOT NULL DEFAULT current_timestamp()
) ENGINE=InnoDB DEFAULT CHARSET=utf8mb4 COLLATE=utf8mb4_general_ci;

--
-- Dumping data for table `beneficiaries`
--

INSERT INTO `beneficiaries` (`id`, `name`, `phone`, `email`, `status`, `category`, `created_at`) VALUES
(1193, 'أحمد بن تركي الزهراني', '0512662461', '', 'active', 'طالب', '2025-02-27 13:38:33'),
(1194, 'أحمد بن تركي الشمري', '0515834295', '', 'active', 'طالب', '2025-02-27 13:38:33'),
(1195, 'أحمد بن تركي العتيبي', '0547231032', '', 'active', 'متقاعد', '2025-02-27 13:38:33'),
(1196, 'أحمد بن تركي الغامدي', '0528138462', '', 'active', 'عسكري', '2025-02-27 13:38:33'),
(1197, 'أحمد بن خالد القحطاني', '0566746779', '', 'active', 'مدني', '2025-02-27 13:38:33'),
(1198, 'أحمد بن سعود الرشيدي', '0556489759', '', 'active', 'طالب', '2025-02-27 13:38:33'),
(1199, 'أحمد بن سعود المطيري', '0551410773', '', 'active', 'مدني', '2025-02-27 13:38:33'),
(1200, 'أحمد بن سعود آل سعود', '0560836607', '', 'active', 'مدني', '2025-02-27 13:38:33'),
(1201, 'أحمد بن سلطان الدوسري', '0578777709', '', 'active', 'طالب', '2025-02-27 13:38:33'),
(1202, 'أحمد بن سلطان الرشيدي', '0558526813', '', 'active', 'متقاعد', '2025-02-27 13:38:33'),
(1203, 'أحمد بن سلطان الشمري', '0519926815', '', 'active', 'متقاعد', '2025-02-27 13:38:33'),
(1204, 'أحمد بن سلطان العتيبي', '0528739827', '', 'active', 'متقاعد', '2025-02-27 13:38:33'),
(1205, 'أحمد بن سلطان القحطاني', '0510854865', '', 'active', 'مدني', '2025-02-27 13:38:33'),
(1206, 'أحمد بن سلطان المطيري', '0517667621', '', 'active', 'طالب', '2025-02-27 13:38:33'),
(1207, 'أحمد بن سلطان آل سعود', '0578931430', '', 'active', 'عسكري', '2025-02-27 13:38:33'),
(1208, 'أحمد بن عبدالعزيز الدوسري', '0512960300', '', 'active', 'عسكري', '2025-02-27 13:38:33'),
(1209, 'أحمد بن عبدالعزيز الرشيدي', '0572550530', '', 'active', 'طالب', '2025-02-27 13:38:33'),
(1210, 'أحمد بن عبدالعزيز الشمري', '0594490984', '', 'active', 'مدني', '2025-02-27 13:38:33'),
(1211, 'أحمد بن عبدالعزيز العتيبي', '0573677712', '', 'active', 'عسكري', '2025-02-27 13:38:33'),
(1212, 'أحمد بن عبدالعزيز القحطاني', '0590406854', '', 'active', 'متقاعد', '2025-02-27 13:38:33'),
(1213, 'أحمد بن فهد الزهراني', '0513597803', '', 'active', 'مدني', '2025-02-27 13:38:33'),
(1214, 'أحمد بن فهد الشمري', '0599055182', '', 'active', 'متقاعد', '2025-02-27 13:38:33'),
(1215, 'أحمد بن فهد العتيبي', '0542479792', '', 'active', 'متقاعد', '2025-02-27 13:38:33'),
(1216, 'أحمد بن فهد القحطاني', '0519981436', '', 'active', 'متقاعد', '2025-02-27 13:38:33'),
(1217, 'أحمد بن فيصل الحربي', '0514119340', '', 'active', 'طالب', '2025-02-27 13:38:33'),
(1218, 'أحمد بن فيصل الغامدي', '0587605907', '', 'active', 'طالب', '2025-02-27 13:38:33'),
(1219, 'أحمد بن فيصل القحطاني', '0591276336', '', 'active', 'عسكري', '2025-02-27 13:38:33'),
(1220, 'أحمد بن ماجد الحربي', '0516669777', '', 'active', 'مدني', '2025-02-27 13:38:33'),
(1221, 'أحمد بن ماجد العتيبي', '0551651431', '', 'active', 'طالب', '2025-02-27 13:38:33'),
(1222, 'أحمد بن ماجد الغامدي', '0565125500', '', 'active', 'طالب', '2025-02-27 13:38:33'),
(1223, 'أحمد بن ماجد القحطاني', '0566150907', '', 'active', 'متقاعد', '2025-02-27 13:38:33'),
(1224, 'أحمد بن محمد الزهراني', '0527364354', '', 'active', 'مدني', '2025-02-27 13:38:33'),
(1225, 'أحمد بن محمد العتيبي', '0579209060', '', 'active', 'عسكري', '2025-02-27 13:38:33'),
(1226, 'أحمد بن محمد آل سعود', '0550406409', '', 'active', 'عسكري', '2025-02-27 13:38:33'),
(1227, 'أحمد بن ناصر الحربي', '0522315830', '', 'active', 'عسكري', '2025-02-27 13:38:33'),
(1228, 'أحمد بن ناصر الزهراني', '0513228686', '', 'active', 'عسكري', '2025-02-27 13:38:33'),
(1229, 'أحمد بن ناصر العتيبي', '0528854919', '', 'active', 'مدني', '2025-02-27 13:38:33'),
(1230, 'أحمد بن ناصر الغامدي', '0526736890', '', 'active', 'عسكري', '2025-02-27 13:38:33'),
(1231, 'أحمد بن ناصر القحطاني', '0517330396', '', 'active', 'مدني', '2025-02-27 13:38:33'),
(1232, 'تركي بن تركي الزهراني', '0557039821', '', 'active', 'متقاعد', '2025-02-27 13:38:33'),
(1233, 'تركي بن تركي الشمري', '0523909420', '', 'active', 'مدني', '2025-02-27 13:38:33'),
(1234, 'تركي بن تركي العتيبي', '0566517455', '', 'active', 'عسكري', '2025-02-27 13:38:33'),
(1235, 'تركي بن تركي المطيري', '0522503675', '', 'active', 'عسكري', '2025-02-27 13:38:33'),
(1236, 'تركي بن تركي آل سعود', '0587402672', '', 'active', 'مدني', '2025-02-27 13:38:33'),
(1237, 'تركي بن خالد الدوسري', '0551820085', '', 'active', 'مدني', '2025-02-27 13:38:33'),
(1238, 'تركي بن خالد العتيبي', '0589404080', '', 'active', 'عسكري', '2025-02-27 13:38:33'),
(1239, 'تركي بن خالد الغامدي', '0546992135', '', 'active', 'طالب', '2025-02-27 13:38:33'),
(1240, 'تركي بن سعود الحربي', '0555064587', '', 'active', 'طالب', '2025-02-27 13:38:33'),
(1241, 'تركي بن سعود الزهراني', '0513882417', '', 'active', 'عسكري', '2025-02-27 13:38:33'),
(1242, 'تركي بن سلطان الرشيدي', '0563714384', '', 'active', 'مدني', '2025-02-27 13:38:33'),
(1243, 'تركي بن سلطان الغامدي', '0542229227', '', 'active', 'مدني', '2025-02-27 13:38:33'),
(1244, 'تركي بن سلطان القحطاني', '0540618075', '', 'active', 'مدني', '2025-02-27 13:38:33'),
(1245, 'تركي بن سلطان المطيري', '0528530115', '', 'active', 'مدني', '2025-02-27 13:38:33'),
(1246, 'تركي بن سلطان آل سعود', '0574402637', '', 'active', 'مدني', '2025-02-27 13:38:33'),
(1247, 'تركي بن عبدالعزيز الدوسري', '0567827070', '', 'active', 'متقاعد', '2025-02-27 13:38:33'),
(1248, 'تركي بن عبدالعزيز الشمري', '0569599680', '', 'active', 'متقاعد', '2025-02-27 13:38:33'),
(1249, 'تركي بن عبدالعزيز القحطاني', '0513204592', '', 'active', 'طالب', '2025-02-27 13:38:33'),
(1250, 'تركي بن فهد الرشيدي', '0595408935', '', 'active', 'عسكري', '2025-02-27 13:38:33'),
(1251, 'تركي بن فهد الشمري', '0588140210', '', 'active', 'مدني', '2025-02-27 13:38:33'),
(1252, 'تركي بن فهد القحطاني', '0540978789', '', 'active', 'متقاعد', '2025-02-27 13:38:33'),
(1253, 'تركي بن فهد المطيري', '0590446876', '', 'active', 'عسكري', '2025-02-27 13:38:33'),
(1254, 'تركي بن فيصل الدوسري', '0535443012', '', 'active', 'متقاعد', '2025-02-27 13:38:33'),
(1255, 'تركي بن فيصل الرشيدي', '0528275689', '', 'active', 'طالب', '2025-02-27 13:38:33'),
(1256, 'تركي بن فيصل الزهراني', '0520988972', '', 'active', 'طالب', '2025-02-27 13:38:33'),
(1257, 'تركي بن فيصل الشمري', '0589356996', '', 'active', 'مدني', '2025-02-27 13:38:33'),
(1258, 'تركي بن فيصل القحطاني', '0549489139', '', 'active', 'عسكري', '2025-02-27 13:38:33'),
(1259, 'تركي بن ماجد الدوسري', '0539958589', '', 'active', 'عسكري', '2025-02-27 13:38:33'),
(1260, 'تركي بن ماجد الزهراني', '0567487156', '', 'active', 'مدني', '2025-02-27 13:38:33'),
(1261, 'تركي بن ماجد الغامدي', '0530257608', '', 'active', 'عسكري', '2025-02-27 13:38:33'),
(1262, 'تركي بن ماجد المطيري', '0513123269', '', 'active', 'عسكري', '2025-02-27 13:38:33'),
(1263, 'تركي بن محمد القحطاني', '0573740594', '', 'active', 'مدني', '2025-02-27 13:38:33'),
(1264, 'تركي بن محمد المطيري', '0584491846', '', 'active', 'طالب', '2025-02-27 13:38:33'),
(1265, 'تركي بن محمد آل سعود', '0549221852', '', 'active', 'مدني', '2025-02-27 13:38:33'),
(1266, 'تركي بن ناصر الحربي', '0575518451', '', 'active', 'طالب', '2025-02-27 13:38:33'),
(1267, 'تركي بن ناصر الرشيدي', '0525234610', '', 'active', 'مدني', '2025-02-27 13:38:33'),
(1268, 'تركي بن ناصر الزهراني', '0572733258', '', 'active', 'متقاعد', '2025-02-27 13:38:33'),
(1269, 'تركي بن ناصر الشمري', '0574679432', '', 'active', 'مدني', '2025-02-27 13:38:33'),
(1270, 'تركي بن ناصر المطيري', '0587256120', '', 'active', 'مدني', '2025-02-27 13:38:33'),
(1271, 'خالد بن تركي الحربي', '0582193646', '', 'active', 'متقاعد', '2025-02-27 13:38:33'),
(1272, 'خالد بن تركي الرشيدي', '0542986374', '', 'active', 'عسكري', '2025-02-27 13:38:33'),
(1273, 'خالد بن تركي الغامدي', '0580999901', '', 'active', 'عسكري', '2025-02-27 13:38:33'),
(1274, 'خالد بن تركي المطيري', '0527815880', '', 'active', 'عسكري', '2025-02-27 13:38:33'),
(1275, 'خالد بن خالد الشمري', '0539951673', '', 'active', 'عسكري', '2025-02-27 13:38:33'),
(1276, 'خالد بن خالد القحطاني', '0583567921', '', 'active', 'طالب', '2025-02-27 13:38:33'),
(1277, 'خالد بن خالد المطيري', '0524585029', '', 'active', 'عسكري', '2025-02-27 13:38:33'),
(1278, 'خالد بن خالد آل سعود', '0517328184', '', 'active', 'عسكري', '2025-02-27 13:38:33'),
(1279, 'خالد بن سعود الحربي', '0575188921', '', 'active', 'طالب', '2025-02-27 13:38:33'),
(1280, 'خالد بن سعود الرشيدي', '0579276814', '', 'active', 'متقاعد', '2025-02-27 13:38:33'),
(1281, 'خالد بن سعود الزهراني', '0576367014', '', 'active', 'طالب', '2025-02-27 13:38:33'),
(1282, 'خالد بن سعود العتيبي', '0518616363', '', 'active', 'عسكري', '2025-02-27 13:38:33'),
(1283, 'خالد بن سعود الغامدي', '0599042324', '', 'active', 'طالب', '2025-02-27 13:38:33'),
(1284, 'خالد بن سعود آل سعود', '0568562226', '', 'active', 'مدني', '2025-02-27 13:38:33'),
(1285, 'خالد بن سلطان الحربي', '0568730164', '', 'active', 'مدني', '2025-02-27 13:38:33'),
(1286, 'خالد بن سلطان الدوسري', '0569349604', '', 'active', 'عسكري', '2025-02-27 13:38:33'),
(1287, 'خالد بن سلطان الرشيدي', '0574054768', '', 'active', 'طالب', '2025-02-27 13:38:33'),
(1288, 'خالد بن سلطان الزهراني', '0544653944', '', 'active', 'عسكري', '2025-02-27 13:38:33'),
(1289, 'خالد بن عبدالعزيز الحربي', '0555610427', '', 'active', 'عسكري', '2025-02-27 13:38:33'),
(1290, 'خالد بن عبدالعزيز الدوسري', '0546521936', '', 'active', 'متقاعد', '2025-02-27 13:38:33'),
(1291, 'خالد بن عبدالعزيز الزهراني', '0539282344', '', 'active', 'متقاعد', '2025-02-27 13:38:33'),
(1292, 'خالد بن عبدالعزيز الغامدي', '0566282723', '', 'active', 'مدني', '2025-02-27 13:38:33'),
(1293, 'خالد بن عبدالعزيز آل سعود', '0559920535', '', 'active', 'مدني', '2025-02-27 13:38:33'),
(1294, 'خالد بن فهد الزهراني', '0569084750', '', 'active', 'مدني', '2025-02-27 13:38:33'),
(1295, 'خالد بن فهد الشمري', '0524461274', '', 'active', 'طالب', '2025-02-27 13:38:33'),
(1296, 'خالد بن فهد العتيبي', '0573415299', '', 'active', 'طالب', '2025-02-27 13:38:33'),
(1297, 'خالد بن فهد الغامدي', '0535008065', '', 'active', 'متقاعد', '2025-02-27 13:38:33'),
(1298, 'خالد بن فهد القحطاني', '0588019272', '', 'active', 'طالب', '2025-02-27 13:38:33'),
(1299, 'خالد بن فيصل الدوسري', '0588334130', '', 'active', 'مدني', '2025-02-27 13:38:33'),
(1300, 'خالد بن فيصل الزهراني', '0590775009', '', 'active', 'عسكري', '2025-02-27 13:38:33'),
(1301, 'خالد بن فيصل العتيبي', '0516853018', '', 'active', 'طالب', '2025-02-27 13:38:33'),
(1302, 'خالد بن فيصل الغامدي', '0536197133', '', 'active', 'متقاعد', '2025-02-27 13:38:33'),
(1303, 'خالد بن فيصل القحطاني', '0550587316', '', 'active', 'طالب', '2025-02-27 13:38:33'),
(1304, 'خالد بن فيصل المطيري', '0591104356', '', 'active', 'عسكري', '2025-02-27 13:38:33'),
(1305, 'خالد بن ماجد الرشيدي', '0517307808', '', 'active', 'طالب', '2025-02-27 13:38:33'),
(1306, 'خالد بن ماجد الشمري', '0537544473', '', 'active', 'مدني', '2025-02-27 13:38:33'),
(1307, 'خالد بن ماجد العتيبي', '0565740694', '', 'active', 'طالب', '2025-02-27 13:38:33'),
(1308, 'خالد بن ماجد الغامدي', '0511824611', '', 'active', 'مدني', '2025-02-27 13:38:33'),
(1309, 'خالد بن ماجد القحطاني', '0549677595', '', 'active', 'مدني', '2025-02-27 13:38:34'),
(1310, 'خالد بن محمد العتيبي', '0573372613', '', 'active', 'مدني', '2025-02-27 13:38:34'),
(1311, 'خالد بن محمد المطيري', '0567034217', '', 'active', 'مدني', '2025-02-27 13:38:34'),
(1312, 'خالد بن ناصر الدوسري', '0579814856', '', 'active', 'مدني', '2025-02-27 13:38:34'),
(1313, 'خالد بن ناصر الزهراني', '0598961966', '', 'active', 'متقاعد', '2025-02-27 13:38:34'),
(1314, 'خالد بن ناصر الشمري', '0574235345', '', 'active', 'طالب', '2025-02-27 13:38:34'),
(1315, 'خالد بن ناصر العتيبي', '0514774277', '', 'active', 'مدني', '2025-02-27 13:38:34'),
(1316, 'خالد بن ناصر الغامدي', '0570263920', '', 'active', 'عسكري', '2025-02-27 13:38:34'),
(1317, 'خالد بن ناصر المطيري', '0523992586', '', 'active', 'متقاعد', '2025-02-27 13:38:34'),
(1318, 'سعود بن تركي الحربي', '0548451249', '', 'active', 'طالب', '2025-02-27 13:38:34'),
(1319, 'سعود بن تركي الدوسري', '0512893541', '', 'active', 'مدني', '2025-02-27 13:38:34'),
(1320, 'سعود بن تركي الزهراني', '0588784990', '', 'active', 'متقاعد', '2025-02-27 13:38:34'),
(1321, 'سعود بن تركي العتيبي', '0538202477', '', 'active', 'مدني', '2025-02-27 13:38:34'),
(1322, 'سعود بن تركي القحطاني', '0559969949', '', 'active', 'طالب', '2025-02-27 13:38:34'),
(1323, 'سعود بن خالد المطيري', '0550852924', '', 'active', 'طالب', '2025-02-27 13:38:34'),
(1324, 'سعود بن سعود الحربي', '0539954758', '', 'active', 'طالب', '2025-02-27 13:38:34'),
(1325, 'سعود بن سعود الدوسري', '0529027228', '', 'active', 'عسكري', '2025-02-27 13:38:34'),
(1326, 'سعود بن سعود الشمري', '0539428588', '', 'active', 'مدني', '2025-02-27 13:38:34'),
(1327, 'سعود بن سعود العتيبي', '0560092664', '', 'active', 'طالب', '2025-02-27 13:38:34'),
(1328, 'سعود بن سعود القحطاني', '0596643604', '', 'active', 'عسكري', '2025-02-27 13:38:34'),
(1329, 'سعود بن سعود آل سعود', '0565857211', '', 'active', 'مدني', '2025-02-27 13:38:34'),
(1330, 'سعود بن سلطان القحطاني', '0589822283', '', 'active', 'عسكري', '2025-02-27 13:38:34'),
(1331, 'سعود بن سلطان المطيري', '0583785155', '', 'active', 'عسكري', '2025-02-27 13:38:34'),
(1332, 'سعود بن عبدالعزيز الرشيدي', '0589483621', '', 'active', 'متقاعد', '2025-02-27 13:38:34'),
(1333, 'سعود بن عبدالعزيز الزهراني', '0539895462', '', 'active', 'طالب', '2025-02-27 13:38:34'),
(1334, 'سعود بن عبدالعزيز العتيبي', '0564549638', '', 'active', 'مدني', '2025-02-27 13:38:34'),
(1335, 'سعود بن عبدالعزيز الغامدي', '0556536889', '', 'active', 'عسكري', '2025-02-27 13:38:34'),
(1336, 'سعود بن عبدالعزيز آل سعود', '0511831838', '', 'active', 'مدني', '2025-02-27 13:38:34'),
(1337, 'سعود بن فهد الدوسري', '0523873391', '', 'active', 'متقاعد', '2025-02-27 13:38:34'),
(1338, 'سعود بن فهد الرشيدي', '0547179115', '', 'active', 'مدني', '2025-02-27 13:38:34'),
(1339, 'سعود بن فهد المطيري', '0584697886', '', 'active', 'عسكري', '2025-02-27 13:38:34'),
(1340, 'سعود بن فهد آل سعود', '0552507480', '', 'active', 'متقاعد', '2025-02-27 13:38:34'),
(1341, 'سعود بن فيصل الزهراني', '0553867678', '', 'active', 'مدني', '2025-02-27 13:38:34'),
(1342, 'سعود بن فيصل العتيبي', '0568328628', '', 'active', 'مدني', '2025-02-27 13:38:34'),
(1343, 'سعود بن فيصل الغامدي', '0539267607', '', 'active', 'عسكري', '2025-02-27 13:38:34'),
(1344, 'سعود بن ماجد الدوسري', '0583735291', '', 'active', 'عسكري', '2025-02-27 13:38:34'),
(1345, 'سعود بن ماجد الزهراني', '0593467601', '', 'active', 'عسكري', '2025-02-27 13:38:34'),
(1346, 'سعود بن محمد الدوسري', '0510377679', '', 'active', 'عسكري', '2025-02-27 13:38:34'),
(1347, 'سعود بن محمد آل سعود', '0579577055', '', 'active', 'عسكري', '2025-02-27 13:38:34'),
(1348, 'سعود بن ناصر الحربي', '0557710727', '', 'active', 'طالب', '2025-02-27 13:38:34'),
(1349, 'سعود بن ناصر الشمري', '0530977985', '', 'active', 'متقاعد', '2025-02-27 13:38:34'),
(1350, 'سعود بن ناصر الغامدي', '0571295305', '', 'active', 'مدني', '2025-02-27 13:38:34'),
(1351, 'سعود بن ناصر المطيري', '0588686482', '', 'active', 'عسكري', '2025-02-27 13:38:34'),
(1352, 'عبدالله بن تركي الرشيدي', '0558227012', '', 'active', 'عسكري', '2025-02-27 13:38:34'),
(1353, 'عبدالله بن تركي الزهراني', '0579061621', '', 'active', 'طالب', '2025-02-27 13:38:34'),
(1354, 'عبدالله بن تركي العتيبي', '0598017719', '', 'active', 'مدني', '2025-02-27 13:38:34'),
(1355, 'عبدالله بن تركي الغامدي', '0521800414', '', 'active', 'متقاعد', '2025-02-27 13:38:34'),
(1356, 'عبدالله بن تركي القحطاني', '0593666707', '', 'active', 'طالب', '2025-02-27 13:38:34'),
(1357, 'عبدالله بن تركي آل سعود', '0591926735', '', 'active', 'مدني', '2025-02-27 13:38:34'),
(1358, 'عبدالله بن خالد الرشيدي', '0585310985', '', 'active', 'عسكري', '2025-02-27 13:38:34'),
(1359, 'عبدالله بن خالد العتيبي', '0559908743', '', 'active', 'متقاعد', '2025-02-27 13:38:34'),
(1360, 'عبدالله بن خالد الغامدي', '0562181834', '', 'active', 'متقاعد', '2025-02-27 13:38:34'),
(1361, 'عبدالله بن خالد القحطاني', '0570406253', '', 'active', 'مدني', '2025-02-27 13:38:34'),
(1362, 'عبدالله بن سعود الدوسري', '0533821742', '', 'active', 'مدني', '2025-02-27 13:38:34'),
(1363, 'عبدالله بن سعود العتيبي', '0543995065', '', 'active', 'متقاعد', '2025-02-27 13:38:34'),
(1364, 'عبدالله بن سعود المطيري', '0559166034', '', 'active', 'طالب', '2025-02-27 13:38:34'),
(1365, 'عبدالله بن سلطان الحربي', '0583416825', '', 'active', 'مدني', '2025-02-27 13:38:34'),
(1366, 'عبدالله بن سلطان الزهراني', '0584026834', '', 'active', 'عسكري', '2025-02-27 13:38:34'),
(1367, 'عبدالله بن سلطان الغامدي', '0550858928', '', 'active', 'طالب', '2025-02-27 13:38:34'),
(1368, 'عبدالله بن سلطان القحطاني', '0512661333', '', 'active', 'متقاعد', '2025-02-27 13:38:34'),
(1369, 'عبدالله بن عبدالعزيز الحربي', '0580913298', '', 'active', 'مدني', '2025-02-27 13:38:34'),
(1370, 'عبدالله بن عبدالعزيز الزهراني', '0539743200', '', 'active', 'عسكري', '2025-02-27 13:38:34'),
(1371, 'عبدالله بن عبدالعزيز القحطاني', '0580290531', '', 'active', 'مدني', '2025-02-27 13:38:34'),
(1372, 'عبدالله بن عبدالعزيز آل سعود', '0536576084', '', 'active', 'عسكري', '2025-02-27 13:38:34'),
(1373, 'عبدالله بن فهد الحربي', '0557692703', '', 'active', 'مدني', '2025-02-27 13:38:34'),
(1374, 'عبدالله بن فهد الدوسري', '0565807327', '', 'active', 'مدني', '2025-02-27 13:38:34'),
(1375, 'عبدالله بن فهد الشمري', '0580282114', '', 'active', 'طالب', '2025-02-27 13:38:34'),
(1376, 'عبدالله بن فهد العتيبي', '0540903661', '', 'active', 'طالب', '2025-02-27 13:38:34'),
(1377, 'عبدالله بن فهد الغامدي', '0566371888', '', 'active', 'طالب', '2025-02-27 13:38:34'),
(1378, 'عبدالله بن فهد القحطاني', '0570932895', '', 'active', 'متقاعد', '2025-02-27 13:38:34'),
(1379, 'عبدالله بن فهد المطيري', '0519050185', '', 'active', 'عسكري', '2025-02-27 13:38:34'),
(1380, 'عبدالله بن فيصل الرشيدي', '0534630295', '', 'active', 'متقاعد', '2025-02-27 13:38:34'),
(1381, 'عبدالله بن فيصل الشمري', '0543547989', '', 'active', 'مدني', '2025-02-27 13:38:34'),
(1382, 'عبدالله بن فيصل القحطاني', '0556997481', '', 'active', 'عسكري', '2025-02-27 13:38:34'),
(1383, 'عبدالله بن فيصل المطيري', '0579724263', '', 'active', 'مدني', '2025-02-27 13:38:34'),
(1384, 'عبدالله بن ماجد الحربي', '0521425402', '', 'active', 'مدني', '2025-02-27 13:38:34'),
(1385, 'عبدالله بن ماجد الغامدي', '0573518091', '', 'active', 'مدني', '2025-02-27 13:38:34'),
(1386, 'عبدالله بن ماجد القحطاني', '0597953764', '', 'active', 'عسكري', '2025-02-27 13:38:34'),
(1387, 'عبدالله بن ماجد المطيري', '0571321130', '', 'active', 'طالب', '2025-02-27 13:38:34'),
(1388, 'عبدالله بن محمد الدوسري', '0557573667', '', 'active', 'مدني', '2025-02-27 13:38:34'),
(1389, 'عبدالله بن محمد الرشيدي', '0532283421', '', 'active', 'متقاعد', '2025-02-27 13:38:34'),
(1390, 'عبدالله بن محمد الشمري', '0518361557', '', 'active', 'طالب', '2025-02-27 13:38:34'),
(1391, 'عبدالله بن محمد آل سعود', '0596690391', '', 'active', 'عسكري', '2025-02-27 13:38:34'),
(1392, 'عبدالله بن ناصر الحربي', '0590647466', '', 'active', 'عسكري', '2025-02-27 13:38:34'),
(1393, 'عبدالله بن ناصر الرشيدي', '0559203527', '', 'active', 'مدني', '2025-02-27 13:38:34'),
(1394, 'عبدالله بن ناصر الغامدي', '0532770341', '', 'active', 'مدني', '2025-02-27 13:38:34'),
(1395, 'عبدالله بن ناصر القحطاني', '0520255218', '', 'active', 'مدني', '2025-02-27 13:38:34'),
(1396, 'عبدالله بن ناصر المطيري', '0599921027', '', 'active', 'مدني', '2025-02-27 13:38:34'),
(1397, 'عبدالله بن ناصر آل سعود', '0512935713', '', 'active', 'مدني', '2025-02-27 13:38:34'),
(1398, 'فهد بن تركي العتيبي', '0567139013', '', 'active', 'طالب', '2025-02-27 13:38:34'),
(1399, 'فهد بن تركي الغامدي', '0566885277', '', 'active', 'متقاعد', '2025-02-27 13:38:34'),
(1400, 'فهد بن تركي آل سعود', '0545254821', '', 'active', 'متقاعد', '2025-02-27 13:38:34'),
(1401, 'فهد بن خالد الزهراني', '0555310774', '', 'active', 'طالب', '2025-02-27 13:38:34'),
(1402, 'فهد بن خالد العتيبي', '0586346047', '', 'active', 'مدني', '2025-02-27 13:38:34'),
(1403, 'فهد بن سعود الرشيدي', '0575772777', '', 'active', 'عسكري', '2025-02-27 13:38:34'),
(1404, 'فهد بن سعود العتيبي', '0557816265', '', 'active', 'متقاعد', '2025-02-27 13:38:34'),
(1405, 'فهد بن سلطان الرشيدي', '0553700448', '', 'active', 'طالب', '2025-02-27 13:38:34'),
(1406, 'فهد بن سلطان العتيبي', '0525090175', '', 'active', 'مدني', '2025-02-27 13:38:34'),
(1407, 'فهد بن سلطان الغامدي', '0561921774', '', 'active', 'طالب', '2025-02-27 13:38:34'),
(1408, 'فهد بن عبدالعزيز الدوسري', '0582229910', '', 'active', 'طالب', '2025-02-27 13:38:34'),
(1409, 'فهد بن عبدالعزيز الغامدي', '0528905907', '', 'active', 'متقاعد', '2025-02-27 13:38:34'),
(1410, 'فهد بن عبدالعزيز القحطاني', '0593006310', '', 'active', 'عسكري', '2025-02-27 13:38:34'),
(1411, 'فهد بن فهد الزهراني', '0534069425', '', 'active', 'مدني', '2025-02-27 13:38:34'),
(1412, 'فهد بن فهد العتيبي', '0570529768', '', 'active', 'عسكري', '2025-02-27 13:38:34'),
(1413, 'فهد بن فهد القحطاني', '0542683561', '', 'active', 'طالب', '2025-02-27 13:38:34'),
(1414, 'فهد بن فيصل الحربي', '0529890836', '', 'active', 'مدني', '2025-02-27 13:38:34'),
(1415, 'فهد بن فيصل الدوسري', '0550054132', '', 'active', 'عسكري', '2025-02-27 13:38:34'),
(1416, 'فهد بن فيصل الشمري', '0598520699', '', 'active', 'مدني', '2025-02-27 13:38:34'),
(1417, 'فهد بن فيصل العتيبي', '0527310580', '', 'active', 'عسكري', '2025-02-27 13:38:34'),
(1418, 'فهد بن فيصل آل سعود', '0544879089', '', 'active', 'عسكري', '2025-02-27 13:38:34'),
(1419, 'فهد بن ماجد الدوسري', '0526097765', '', 'active', 'مدني', '2025-02-27 13:38:34'),
(1420, 'فهد بن محمد العتيبي', '0530843902', '', 'active', 'طالب', '2025-02-27 13:38:34'),
(1421, 'فهد بن محمد القحطاني', '0519427175', '', 'active', 'عسكري', '2025-02-27 13:38:34'),
(1422, 'فهد بن ناصر الرشيدي', '0561746444', '', 'active', 'طالب', '2025-02-27 13:38:34'),
(1423, 'فهد بن ناصر الزهراني', '0573878398', '', 'active', 'عسكري', '2025-02-27 13:38:34'),
(1424, 'فهد بن ناصر العتيبي', '0579413044', '', 'active', 'عسكري', '2025-02-27 13:38:34'),
(1425, 'فهد بن ناصر القحطاني', '0528452432', '', 'active', 'طالب', '2025-02-27 13:38:34'),
(1426, 'فهد بن ناصر آل سعود', '0564537434', '', 'active', 'عسكري', '2025-02-27 13:38:34'),
(1427, 'ماجد بن تركي الدوسري', '0546245476', '', 'active', 'مدني', '2025-02-27 13:38:34'),
(1428, 'ماجد بن تركي الغامدي', '0569954501', '', 'active', 'متقاعد', '2025-02-27 13:38:34'),
(1429, 'ماجد بن تركي القحطاني', '0534495657', '', 'active', 'مدني', '2025-02-27 13:38:34'),
(1430, 'ماجد بن تركي المطيري', '0518680892', '', 'active', 'طالب', '2025-02-27 13:38:34'),
(1431, 'ماجد بن تركي آل سعود', '0572520571', '', 'active', 'طالب', '2025-02-27 13:38:34'),
(1432, 'ماجد بن خالد الدوسري', '0524039427', '', 'active', 'عسكري', '2025-02-27 13:38:34'),
(1433, 'ماجد بن خالد الشمري', '0539045965', '', 'active', 'مدني', '2025-02-27 13:38:34'),
(1434, 'ماجد بن خالد الغامدي', '0546952218', '', 'active', 'طالب', '2025-02-27 13:38:34'),
(1435, 'ماجد بن خالد القحطاني', '0597549482', '', 'active', 'طالب', '2025-02-27 13:38:34'),
(1436, 'ماجد بن خالد آل سعود', '0538278905', '', 'active', 'عسكري', '2025-02-27 13:38:34'),
(1437, 'ماجد بن سعود الحربي', '0544785451', '', 'active', 'عسكري', '2025-02-27 13:38:34'),
(1438, 'ماجد بن سعود الزهراني', '0566515998', '', 'active', 'متقاعد', '2025-02-27 13:38:34'),
(1439, 'ماجد بن سعود العتيبي', '0513856494', '', 'active', 'عسكري', '2025-02-27 13:38:34'),
(1440, 'ماجد بن سعود القحطاني', '0579123593', '', 'active', 'عسكري', '2025-02-27 13:38:34'),
(1441, 'ماجد بن سلطان الغامدي', '0557890795', '', 'active', 'مدني', '2025-02-27 13:38:34'),
(1442, 'ماجد بن سلطان القحطاني', '0568457669', '', 'active', 'طالب', '2025-02-27 13:38:34'),
(1443, 'ماجد بن سلطان آل سعود', '0512541687', '', 'active', 'طالب', '2025-02-27 13:38:34'),
(1444, 'ماجد بن عبدالعزيز الحربي', '0527860324', '', 'active', 'عسكري', '2025-02-27 13:38:34'),
(1445, 'ماجد بن عبدالعزيز الدوسري', '0553135454', '', 'active', 'متقاعد', '2025-02-27 13:38:34'),
(1446, 'ماجد بن عبدالعزيز العتيبي', '0552018906', '', 'active', 'عسكري', '2025-02-27 13:38:34'),
(1447, 'ماجد بن عبدالعزيز القحطاني', '0546552821', '', 'active', 'عسكري', '2025-02-27 13:38:34'),
(1448, 'ماجد بن فهد الزهراني', '0580003541', '', 'active', 'متقاعد', '2025-02-27 13:38:34'),
(1449, 'ماجد بن فهد الشمري', '0552197885', '', 'active', 'مدني', '2025-02-27 13:38:34'),
(1450, 'ماجد بن فهد القحطاني', '0573436387', '', 'active', 'مدني', '2025-02-27 13:38:34'),
(1451, 'ماجد بن فهد المطيري', '0571021867', '', 'active', 'عسكري', '2025-02-27 13:38:34'),
(1452, 'ماجد بن فهد آل سعود', '0572228256', '', 'active', 'مدني', '2025-02-27 13:38:34'),
(1453, 'ماجد بن فيصل الرشيدي', '0532619457', '', 'active', 'عسكري', '2025-02-27 13:38:34'),
(1454, 'ماجد بن ماجد الحربي', '0570803633', '', 'active', 'طالب', '2025-02-27 13:38:34'),
(1455, 'ماجد بن ماجد الغامدي', '0540258001', '', 'active', 'طالب', '2025-02-27 13:38:34'),
(1456, 'ماجد بن ماجد آل سعود', '0535404282', '', 'active', 'عسكري', '2025-02-27 13:38:34'),
(1457, 'ماجد بن محمد المطيري', '0597888230', '', 'active', 'طالب', '2025-02-27 13:38:34'),
(1458, 'ماجد بن محمد آل سعود', '0594588525', '', 'active', 'متقاعد', '2025-02-27 13:38:34'),
(1459, 'ماجد بن ناصر الحربي', '0523548290', '', 'active', 'طالب', '2025-02-27 13:38:34'),
(1460, 'ماجد بن ناصر الزهراني', '0555673311', '', 'active', 'عسكري', '2025-02-27 13:38:34'),
(1461, 'ماجد بن ناصر الشمري', '0523335194', '', 'active', 'طالب', '2025-02-27 13:38:34'),
(1462, 'ماجد بن ناصر العتيبي', '0533672510', '', 'active', 'طالب', '2025-02-27 13:38:34'),
(1463, 'ماجد بن ناصر الغامدي', '0525621121', '', 'active', 'عسكري', '2025-02-27 13:38:34'),
(1464, 'ماجد بن ناصر المطيري', '0530929676', '', 'active', 'عسكري', '2025-02-27 13:38:34'),
(1465, 'محمد بن تركي الدوسري', '0577484202', '', 'active', 'عسكري', '2025-02-27 13:38:34'),
(1466, 'محمد بن تركي المطيري', '0555902725', '', 'active', 'مدني', '2025-02-27 13:38:34'),
(1467, 'محمد بن تركي آل سعود', '0512955524', '', 'active', 'طالب', '2025-02-27 13:38:34'),
(1468, 'محمد بن خالد الحربي', '0540432140', '', 'active', 'طالب', '2025-02-27 13:38:34'),
(1469, 'محمد بن خالد الزهراني', '0544949340', '', 'active', 'عسكري', '2025-02-27 13:38:34'),
(1470, 'محمد بن خالد العتيبي', '0572180090', '', 'active', 'مدني', '2025-02-27 13:38:34'),
(1471, 'محمد بن خالد القحطاني', '0532320863', '', 'active', 'مدني', '2025-02-27 13:38:34'),
(1472, 'محمد بن خالد المطيري', '0512106171', '', 'active', 'عسكري', '2025-02-27 13:38:34'),
(1473, 'محمد بن سعود الحربي', '0550510401', '', 'active', 'عسكري', '2025-02-27 13:38:34'),
(1474, 'محمد بن سعود الدوسري', '0566385509', '', 'active', 'عسكري', '2025-02-27 13:38:34'),
(1475, 'محمد بن سعود الغامدي', '0551044255', '', 'active', 'متقاعد', '2025-02-27 13:38:34'),
(1476, 'محمد بن سعود المطيري', '0557256103', '', 'active', 'متقاعد', '2025-02-27 13:38:34'),
(1477, 'محمد بن سعود آل سعود', '0527495180', '', 'active', 'متقاعد', '2025-02-27 13:38:34'),
(1478, 'محمد بن سلطان القحطاني', '0542710655', '', 'active', 'متقاعد', '2025-02-27 13:38:34'),
(1479, 'محمد بن سلطان المطيري', '0561862378', '', 'active', 'طالب', '2025-02-27 13:38:34'),
(1480, 'محمد بن عبدالعزيز الدوسري', '0598822647', '', 'active', 'عسكري', '2025-02-27 13:38:34'),
(1481, 'محمد بن عبدالعزيز الرشيدي', '0514181343', '', 'active', 'طالب', '2025-02-27 13:38:34'),
(1482, 'محمد بن عبدالعزيز الغامدي', '0540182177', '', 'active', 'متقاعد', '2025-02-27 13:38:34'),
(1483, 'محمد بن عبدالعزيز القحطاني', '0583857429', '', 'active', 'طالب', '2025-02-27 13:38:34'),
(1484, 'محمد بن عبدالعزيز المطيري', '0566035949', '', 'active', 'طالب', '2025-02-27 13:38:34'),
(1485, 'محمد بن فهد الحربي', '0596005577', '', 'active', 'متقاعد', '2025-02-27 13:38:34'),
(1486, 'محمد بن فهد الدوسري', '0552443900', '', 'active', 'عسكري', '2025-02-27 13:38:34'),
(1487, 'محمد بن فهد الشمري', '0511838709', '', 'active', 'مدني', '2025-02-27 13:38:34'),
(1488, 'محمد بن فهد المطيري', '0540548597', '', 'active', 'مدني', '2025-02-27 13:38:34'),
(1489, 'محمد بن فهد آل سعود', '0534752251', '', 'active', 'مدني', '2025-02-27 13:38:34'),
(1490, 'محمد بن فيصل الحربي', '0599894300', '', 'active', 'طالب', '2025-02-27 13:38:34'),
(1491, 'محمد بن فيصل الدوسري', '0585361211', '', 'active', 'مدني', '2025-02-27 13:38:34'),
(1492, 'محمد بن فيصل الشمري', '0537795172', '', 'active', 'طالب', '2025-02-27 13:38:34'),
(1493, 'محمد بن فيصل الغامدي', '0527101113', '', 'active', 'عسكري', '2025-02-27 13:38:34'),
(1494, 'محمد بن ماجد الرشيدي', '0593459505', '', 'active', 'طالب', '2025-02-27 13:38:34'),
(1495, 'محمد بن ماجد المطيري', '0536934852', '', 'active', 'مدني', '2025-02-27 13:38:34'),
(1496, 'محمد بن ماجد آل سعود', '0534671280', '', 'active', 'طالب', '2025-02-27 13:38:34'),
(1497, 'محمد بن محمد الرشيدي', '0570130893', '', 'active', 'مدني', '2025-02-27 13:38:34'),
(1498, 'محمد بن محمد الشمري', '0584181257', '', 'active', 'عسكري', '2025-02-27 13:38:34'),
(1499, 'محمد بن محمد المطيري', '0518790336', '', 'active', 'مدني', '2025-02-27 13:38:34'),
(1500, 'محمد بن محمد آل سعود', '0564960908', '', 'active', 'طالب', '2025-02-27 13:38:34'),
(1501, 'محمد بن ناصر العتيبي', '0554917062', '', 'active', 'عسكري', '2025-02-27 13:38:34'),
(1502, 'محمد بن ناصر الغامدي', '0581267725', '', 'active', 'مدني', '2025-02-27 13:38:34'),
(1503, 'ناصر بن تركي الدوسري', '0537767819', '', 'active', 'عسكري', '2025-02-27 13:38:34'),
(1504, 'ناصر بن تركي الزهراني', '0592342764', '', 'active', 'متقاعد', '2025-02-27 13:38:34'),
(1505, 'ناصر بن تركي القحطاني', '0589387444', '', 'active', 'عسكري', '2025-02-27 13:38:34'),
(1506, 'ناصر بن تركي آل سعود', '0540427381', '', 'active', 'مدني', '2025-02-27 13:38:34'),
(1507, 'ناصر بن خالد الحربي', '0577211395', '', 'active', 'عسكري', '2025-02-27 13:38:34'),
(1508, 'ناصر بن خالد الرشيدي', '0517076316', '', 'active', 'مدني', '2025-02-27 13:38:34'),
(1509, 'ناصر بن خالد الشمري', '0562142638', '', 'active', 'طالب', '2025-02-27 13:38:34'),
(1510, 'ناصر بن خالد القحطاني', '0585380324', '', 'active', 'طالب', '2025-02-27 13:38:34'),
(1511, 'ناصر بن سعود الرشيدي', '0510812095', '', 'active', 'متقاعد', '2025-02-27 13:38:34'),
(1512, 'ناصر بن سعود الزهراني', '0578909198', '', 'active', 'عسكري', '2025-02-27 13:38:34'),
(1513, 'ناصر بن سعود الشمري', '0556798743', '', 'active', 'طالب', '2025-02-27 13:38:34'),
(1514, 'ناصر بن سعود الغامدي', '0591892634', '', 'active', 'عسكري', '2025-02-27 13:38:34'),
(1515, 'ناصر بن سعود المطيري', '0557574381', '', 'active', 'طالب', '2025-02-27 13:38:34'),
(1516, 'ناصر بن سلطان الحربي', '0558577964', '', 'active', 'عسكري', '2025-02-27 13:38:34'),
(1517, 'ناصر بن سلطان الدوسري', '0534848518', '', 'active', 'طالب', '2025-02-27 13:38:34'),
(1518, 'ناصر بن سلطان الرشيدي', '0536421857', '', 'active', 'عسكري', '2025-02-27 13:38:34'),
(1519, 'ناصر بن سلطان الزهراني', '0565863563', '', 'active', 'عسكري', '2025-02-27 13:38:34'),
(1520, 'ناصر بن سلطان الشمري', '0586883180', '', 'active', 'عسكري', '2025-02-27 13:38:34'),
(1521, 'ناصر بن سلطان العتيبي', '0514233950', '', 'active', 'مدني', '2025-02-27 13:38:34'),
(1522, 'ناصر بن سلطان الغامدي', '0553104117', '', 'active', 'مدني', '2025-02-27 13:38:34'),
(1523, 'ناصر بن عبدالعزيز الحربي', '0575667722', '', 'active', 'طالب', '2025-02-27 13:38:34'),
(1524, 'ناصر بن عبدالعزيز الزهراني', '0533559005', '', 'active', 'متقاعد', '2025-02-27 13:38:34'),
(1525, 'ناصر بن عبدالعزيز العتيبي', '0558791780', '', 'active', 'عسكري', '2025-02-27 13:38:34'),
(1526, 'ناصر بن عبدالعزيز المطيري', '0574187690', '', 'active', 'عسكري', '2025-02-27 13:38:34'),
(1527, 'ناصر بن فهد الحربي', '0588734029', '', 'active', 'عسكري', '2025-02-27 13:38:34'),
(1528, 'ناصر بن فهد الدوسري', '0512246558', '', 'active', 'متقاعد', '2025-02-27 13:38:34'),
(1529, 'ناصر بن فهد الشمري', '0540037123', '', 'active', 'عسكري', '2025-02-27 13:38:34'),
(1530, 'ناصر بن فهد الغامدي', '0538645122', '', 'active', 'مدني', '2025-02-27 13:38:34'),
(1531, 'ناصر بن فهد المطيري', '0598250621', '', 'active', 'مدني', '2025-02-27 13:38:34'),
(1532, 'ناصر بن فهد آل سعود', '0530809257', '', 'active', 'طالب', '2025-02-27 13:38:34'),
(1533, 'ناصر بن فيصل الحربي', '0516343873', '', 'active', 'عسكري', '2025-02-27 13:38:34'),
(1534, 'ناصر بن فيصل الزهراني', '0566243638', '', 'active', 'مدني', '2025-02-27 13:38:34'),
(1535, 'ناصر بن فيصل الشمري', '0572119504', '', 'active', 'طالب', '2025-02-27 13:38:34'),
(1537, 'ناصر بن فيصل آل سعود', '0593667672', '', 'active', 'عسكري', '2025-02-27 13:38:34'),
(1538, 'ناصر بن ماجد الحربي', '0561478946', '', 'active', 'عسكري', '2025-02-27 13:38:34'),
(1539, 'ناصر بن ماجد الرشيدي', '0534212824', '', 'active', 'متقاعد', '2025-02-27 13:38:34'),
(1540, 'ناصر بن محمد الحربي', '0531327440', '', 'active', 'متقاعد', '2025-02-27 13:38:34'),
(1541, 'ناصر بن محمد الرشيدي', '0552855770', '', 'active', 'طالب', '2025-02-27 13:38:34'),
(1542, 'ناصر بن محمد العتيبي', '0577659996', '', 'active', 'عسكري', '2025-02-27 13:38:34'),
(1543, 'ناصر بن محمد الغامدي', '0536286726', '', 'active', 'مدني', '2025-02-27 13:38:34'),
(1544, 'ناصر بن محمد المطيري', '0572200541', '', 'active', 'عسكري', '2025-02-27 13:38:34'),
(1545, 'ناصر بن محمد آل سعود', '0542387632', '', 'active', 'متقاعد', '2025-02-27 13:38:34'),
(1546, 'ناصر بن ناصر الحربي', '0537698190', '', 'active', 'طالب', '2025-02-27 13:38:34'),
(1547, 'ناصر بن ناصر الزهراني', '0589044653', '', 'active', 'عسكري', '2025-02-27 13:38:34'),
(1548, 'ناصر بن ناصر الشمري', '0572538026', '', 'active', 'عسكري', '2025-02-27 13:38:34'),
(1549, 'ياسر بن تركي الدوسري', '0559969283', '', 'active', 'عسكري', '2025-02-27 13:38:34'),
(1550, 'ياسر بن تركي الزهراني', '0559348019', '', 'active', 'طالب', '2025-02-27 13:38:34'),
(1551, 'ياسر بن تركي العتيبي', '0540357528', '', 'active', 'طالب', '2025-02-27 13:38:34'),
(1552, 'ياسر بن تركي القحطاني', '0571589701', '', 'active', 'طالب', '2025-02-27 13:38:34'),
(1553, 'ياسر بن خالد الدوسري', '0550231502', '', 'active', 'متقاعد', '2025-02-27 13:38:34'),
(1554, 'ياسر بن خالد الرشيدي', '0535734129', '', 'active', 'متقاعد', '2025-02-27 13:38:34'),
(1555, 'ياسر بن سعود الرشيدي', '0512359455', '', 'active', 'مدني', '2025-02-27 13:38:34'),
(1556, 'ياسر بن سعود الزهراني', '0557668744', '', 'active', 'متقاعد', '2025-02-27 13:38:34'),
(1557, 'ياسر بن سعود العتيبي', '0560330801', '', 'active', 'طالب', '2025-02-27 13:38:34'),
(1558, 'ياسر بن سعود آل سعود', '0578903396', '', 'active', 'متقاعد', '2025-02-27 13:38:34'),
(1559, 'ياسر بن سلطان الدوسري', '0580678012', '', 'active', 'عسكري', '2025-02-27 13:38:34'),
(1560, 'ياسر بن سلطان الشمري', '0572462073', '', 'active', 'عسكري', '2025-02-27 13:38:34'),
(1561, 'ياسر بن سلطان القحطاني', '0563556130', '', 'active', 'عسكري', '2025-02-27 13:38:34'),
(1562, 'ياسر بن عبدالعزيز الزهراني', '0531656086', '', 'active', 'عسكري', '2025-02-27 13:38:34'),
(1563, 'ياسر بن عبدالعزيز القحطاني', '0575776186', '', 'active', 'طالب', '2025-02-27 13:38:34'),
(1564, 'ياسر بن فهد الدوسري', '0592141422', '', 'active', 'مدني', '2025-02-27 13:38:34'),
(1565, 'ياسر بن فهد الغامدي', '0512239499', '', 'active', 'متقاعد', '2025-02-27 13:38:34'),
(1566, 'ياسر بن فهد المطيري', '0526931119', '', 'active', 'عسكري', '2025-02-27 13:38:34'),
(1567, 'ياسر بن فيصل الحربي', '0563712590', '', 'active', 'مدني', '2025-02-27 13:38:34'),
(1568, 'ياسر بن فيصل الرشيدي', '0541545322', '', 'active', 'متقاعد', '2025-02-27 13:38:34'),
(1569, 'ياسر بن فيصل الشمري', '0515477570', '', 'active', 'عسكري', '2025-02-27 13:38:34'),
(1570, 'ياسر بن فيصل المطيري', '0569703313', '', 'active', 'مدني', '2025-02-27 13:38:34'),
(1571, 'ياسر بن فيصل آل سعود', '0563998796', '', 'active', 'طالب', '2025-02-27 13:38:34'),
(1572, 'ياسر بن ماجد الشمري', '0571751675', '', 'active', 'عسكري', '2025-02-27 13:38:34'),
(1573, 'ياسر بن ماجد الغامدي', '0543240357', '', 'active', 'عسكري', '2025-02-27 13:38:34'),
(1574, 'ياسر بن ماجد القحطاني', '0517430182', '', 'active', 'عسكري', '2025-02-27 13:38:34'),
(1575, 'ياسر بن ماجد آل سعود', '0511208798', '', 'active', 'مدني', '2025-02-27 13:38:34'),
(1576, 'ياسر بن محمد الرشيدي', '0556492094', '', 'active', 'عسكري', '2025-02-27 13:38:34'),
(1577, 'ياسر بن محمد الغامدي', '0547515454', '', 'active', 'طالب', '2025-02-27 13:38:34'),
(1578, 'ياسر بن ناصر الدوسري', '0552543648', '', 'active', 'مدني', '2025-02-27 13:38:34'),
(1579, 'ياسر بن ناصر الرشيدي', '0596971358', '', 'active', 'عسكري', '2025-02-27 13:38:34'),
(1580, 'ياسر بن ناصر الزهراني', '0537984773', '', 'active', 'طالب', '2025-02-27 13:38:34'),
(1581, 'ياسر بن ناصر الغامدي', '0516654602', '', 'active', 'طالب', '2025-02-27 13:38:34'),
(1582, 'ياسر بن ناصر القحطاني', '0536363814', '', 'active', 'متقاعد', '2025-02-27 13:38:34'),
(1583, 'ياسر بن ناصر المطيري', '0520625612', '', 'active', 'طالب', '2025-02-27 13:38:34'),
(1584, 'بكيل احمد محمد مرشد', '0536892909', 'khal@gmail.com', 'active', 'متقاعد', '2025-02-27 13:41:12');

-- --------------------------------------------------------

--
-- Table structure for table `discount_codes`
--

CREATE TABLE `discount_codes` (
  `id` int(11) NOT NULL,
  `beneficiary_id` int(11) DEFAULT NULL,
  `offer_id` int(11) DEFAULT NULL,
  `code` varchar(20) NOT NULL,
  `is_used` tinyint(1) DEFAULT 0,
  `used_at` timestamp NULL DEFAULT NULL,
  `created_at` timestamp NOT NULL DEFAULT current_timestamp()
) ENGINE=InnoDB DEFAULT CHARSET=utf8mb4 COLLATE=utf8mb4_general_ci;

--
-- Dumping data for table `discount_codes`
--

INSERT INTO `discount_codes` (`id`, `beneficiary_id`, `offer_id`, `code`, `is_used`, `used_at`, `created_at`) VALUES
(304, 1196, 8, 'FCB9293B', 0, NULL, '2025-02-27 13:39:21'),
(305, 1207, 8, '11569CF7', 0, NULL, '2025-02-27 13:39:21'),
(306, 1208, 8, '28D34218', 0, NULL, '2025-02-27 13:39:21'),
(307, 1211, 8, '9922D426', 0, NULL, '2025-02-27 13:39:21'),
(308, 1219, 8, '3D053BF2', 0, NULL, '2025-02-27 13:39:21'),
(309, 1225, 8, 'DABB7F5C', 0, NULL, '2025-02-27 13:39:21'),
(310, 1226, 8, '17C7C81B', 0, NULL, '2025-02-27 13:39:21'),
(311, 1227, 8, '26BBE73A', 0, NULL, '2025-02-27 13:39:21'),
(312, 1228, 8, '498AA2D8', 0, NULL, '2025-02-27 13:39:21'),
(313, 1230, 8, '7BA8C4F6', 0, NULL, '2025-02-27 13:39:21'),
(314, 1234, 8, '6C9597E4', 0, NULL, '2025-02-27 13:39:21'),
(315, 1235, 8, 'DD84D5DC', 0, NULL, '2025-02-27 13:39:22'),
(316, 1238, 8, 'B324636A', 0, NULL, '2025-02-27 13:39:22'),
(317, 1241, 8, '40576A69', 0, NULL, '2025-02-27 13:39:22'),
(318, 1250, 8, '57E47C1E', 0, NULL, '2025-02-27 13:39:22'),
(319, 1253, 8, '99F703DD', 0, NULL, '2025-02-27 13:39:22'),
(320, 1258, 8, '2331AE50', 0, NULL, '2025-02-27 13:39:22'),
(321, 1259, 8, '8460741B', 0, NULL, '2025-02-27 13:39:22'),
(322, 1261, 8, 'EF040DC7', 0, NULL, '2025-02-27 13:39:22'),
(323, 1262, 8, 'B642A86E', 0, NULL, '2025-02-27 13:39:22'),
(324, 1272, 8, '9D636808', 0, NULL, '2025-02-27 13:39:22'),
(325, 1273, 8, 'B0A25CB9', 0, NULL, '2025-02-27 13:39:22'),
(326, 1274, 8, '569DA20B', 0, NULL, '2025-02-27 13:39:22'),
(327, 1275, 8, '674C5550', 0, NULL, '2025-02-27 13:39:22'),
(328, 1277, 8, 'C087A580', 0, NULL, '2025-02-27 13:39:22'),
(329, 1278, 8, 'A976A558', 0, NULL, '2025-02-27 13:39:22'),
(330, 1282, 8, '174F7DAF', 0, NULL, '2025-02-27 13:39:22'),
(331, 1286, 8, '873F477A', 0, NULL, '2025-02-27 13:39:22'),
(332, 1288, 8, '26E292EC', 0, NULL, '2025-02-27 13:39:22'),
(333, 1289, 8, '02D249B2', 0, NULL, '2025-02-27 13:39:22'),
(334, 1300, 8, '4E4D2FE8', 0, NULL, '2025-02-27 13:39:22'),
(335, 1304, 8, '75E59711', 0, NULL, '2025-02-27 13:39:22'),
(336, 1316, 8, '86B03AAC', 0, NULL, '2025-02-27 13:39:22'),
(337, 1325, 8, '5C98645E', 0, NULL, '2025-02-27 13:39:22'),
(338, 1328, 8, '58BB48D0', 0, NULL, '2025-02-27 13:39:22'),
(339, 1330, 8, '8F292954', 0, NULL, '2025-02-27 13:39:22'),
(340, 1331, 8, '45CA9F50', 0, NULL, '2025-02-27 13:39:22'),
(341, 1335, 8, '5E5EB178', 0, NULL, '2025-02-27 13:39:22'),
(342, 1339, 8, '3EF40A95', 0, NULL, '2025-02-27 13:39:22'),
(343, 1343, 8, 'BAFCDCD3', 0, NULL, '2025-02-27 13:39:22'),
(344, 1344, 8, '87EBB7C9', 0, NULL, '2025-02-27 13:39:22'),
(345, 1345, 8, '31333A05', 0, NULL, '2025-02-27 13:39:22'),
(346, 1346, 8, '64C71819', 0, NULL, '2025-02-27 13:39:22'),
(347, 1347, 8, '4396BECD', 0, NULL, '2025-02-27 13:39:22'),
(348, 1351, 8, '15439658', 0, NULL, '2025-02-27 13:39:22'),
(349, 1352, 8, 'A59F778B', 0, NULL, '2025-02-27 13:39:22'),
(350, 1358, 8, '5AA64248', 0, NULL, '2025-02-27 13:39:22'),
(351, 1366, 8, '2848B474', 0, NULL, '2025-02-27 13:39:22'),
(352, 1370, 8, 'B4634AA5', 0, NULL, '2025-02-27 13:39:22'),
(353, 1372, 8, '81116A4E', 0, NULL, '2025-02-27 13:39:22'),
(354, 1379, 8, '7EB23F2F', 0, NULL, '2025-02-27 13:39:22'),
(355, 1382, 8, '1911789B', 0, NULL, '2025-02-27 13:39:22'),
(356, 1386, 8, 'C858A4C1', 0, NULL, '2025-02-27 13:39:22'),
(357, 1391, 8, '318FCEBF', 0, NULL, '2025-02-27 13:39:22'),
(358, 1392, 8, '49ECDD10', 0, NULL, '2025-02-27 13:39:22'),
(359, 1403, 8, '4473283F', 0, NULL, '2025-02-27 13:39:22'),
(360, 1410, 8, '03D46586', 0, NULL, '2025-02-27 13:39:22'),
(361, 1412, 8, '2AA0196E', 0, NULL, '2025-02-27 13:39:22'),
(362, 1415, 8, 'B692DE26', 0, NULL, '2025-02-27 13:39:22'),
(363, 1417, 8, 'EA92DDD9', 0, NULL, '2025-02-27 13:39:22'),
(364, 1418, 8, '6E47EA79', 0, NULL, '2025-02-27 13:39:22'),
(365, 1421, 8, 'EFECC35E', 0, NULL, '2025-02-27 13:39:22'),
(366, 1423, 8, '4A968055', 0, NULL, '2025-02-27 13:39:22'),
(367, 1424, 8, '6D649904', 0, NULL, '2025-02-27 13:39:22'),
(368, 1426, 8, '39053EE6', 0, NULL, '2025-02-27 13:39:22'),
(369, 1432, 8, '990D4FA1', 0, NULL, '2025-02-27 13:39:22'),
(370, 1436, 8, '8878A400', 0, NULL, '2025-02-27 13:39:22'),
(371, 1437, 8, '214E95CE', 0, NULL, '2025-02-27 13:39:22'),
(372, 1439, 8, '327E09E4', 0, NULL, '2025-02-27 13:39:22'),
(373, 1440, 8, '2134ADF5', 0, NULL, '2025-02-27 13:39:22'),
(374, 1444, 8, '08AECCF0', 0, NULL, '2025-02-27 13:39:22'),
(375, 1446, 8, 'C4A85186', 0, NULL, '2025-02-27 13:39:22'),
(376, 1447, 8, '49BF7718', 0, NULL, '2025-02-27 13:39:22'),
(377, 1451, 8, '76A4FC11', 0, NULL, '2025-02-27 13:39:22'),
(378, 1453, 8, '2DC07564', 0, NULL, '2025-02-27 13:39:22'),
(379, 1456, 8, '2D7901E8', 0, NULL, '2025-02-27 13:39:22'),
(380, 1460, 8, 'E1311FC5', 0, NULL, '2025-02-27 13:39:22'),
(381, 1463, 8, 'C849DBB8', 1, '2025-02-27 13:40:10', '2025-02-27 13:39:22'),
(382, 1464, 8, 'D86A23BA', 0, NULL, '2025-02-27 13:39:22'),
(383, 1465, 8, '4860E57C', 0, NULL, '2025-02-27 13:39:22'),
(384, 1469, 8, 'ACD9E7FB', 0, NULL, '2025-02-27 13:39:22'),
(385, 1472, 8, 'F7464D5C', 0, NULL, '2025-02-27 13:39:22'),
(386, 1473, 8, '723BA9A3', 0, NULL, '2025-02-27 13:39:22'),
(387, 1474, 8, '963C8225', 0, NULL, '2025-02-27 13:39:22'),
(388, 1480, 8, 'D5A0F310', 0, NULL, '2025-02-27 13:39:22'),
(389, 1486, 8, '6E77BB92', 0, NULL, '2025-02-27 13:39:22'),
(390, 1493, 8, '1412D62F', 0, NULL, '2025-02-27 13:39:22'),
(391, 1498, 8, 'D3630560', 0, NULL, '2025-02-27 13:39:22'),
(392, 1501, 8, 'DB8056F8', 0, NULL, '2025-02-27 13:39:22'),
(393, 1503, 8, 'F9FF98D8', 0, NULL, '2025-02-27 13:39:22'),
(394, 1505, 8, '32BFBF68', 0, NULL, '2025-02-27 13:39:22'),
(395, 1507, 8, '3B11BC20', 0, NULL, '2025-02-27 13:39:22'),
(396, 1512, 8, '0FE36808', 0, NULL, '2025-02-27 13:39:22'),
(397, 1514, 8, 'C44ECB38', 0, NULL, '2025-02-27 13:39:22'),
(398, 1516, 8, '11C393BE', 0, NULL, '2025-02-27 13:39:22'),
(399, 1518, 8, 'C1C79B2F', 0, NULL, '2025-02-27 13:39:22'),
(400, 1519, 8, '5E41D8CA', 0, NULL, '2025-02-27 13:39:22'),
(401, 1520, 8, '6F468400', 0, NULL, '2025-02-27 13:39:22'),
(402, 1525, 8, 'D8947488', 0, NULL, '2025-02-27 13:39:22'),
(403, 1526, 8, '6D7F5B01', 0, NULL, '2025-02-27 13:39:22'),
(404, 1527, 8, 'B3EF99B0', 0, NULL, '2025-02-27 13:39:22'),
(405, 1529, 8, 'ECFD3B2B', 0, NULL, '2025-02-27 13:39:22'),
(406, 1533, 8, '2ED587D2', 0, NULL, '2025-02-27 13:39:22'),
(407, 1537, 8, 'E6F2F298', 0, NULL, '2025-02-27 13:39:22'),
(408, 1538, 8, '5DE57DC9', 0, NULL, '2025-02-27 13:39:22'),
(409, 1542, 8, 'F92DB7C6', 0, NULL, '2025-02-27 13:39:22'),
(410, 1544, 8, 'E329CEA4', 0, NULL, '2025-02-27 13:39:22'),
(411, 1547, 8, 'A21A3487', 0, NULL, '2025-02-27 13:39:22'),
(412, 1548, 8, '05B2BF72', 0, NULL, '2025-02-27 13:39:22'),
(413, 1549, 8, '04072636', 0, NULL, '2025-02-27 13:39:22'),
(414, 1559, 8, '1E299C46', 0, NULL, '2025-02-27 13:39:22'),
(415, 1560, 8, '12D58792', 0, NULL, '2025-02-27 13:39:22'),
(416, 1561, 8, 'F76BD2C8', 0, NULL, '2025-02-27 13:39:22'),
(417, 1562, 8, 'A541C84B', 0, NULL, '2025-02-27 13:39:22'),
(418, 1566, 8, 'E37FF925', 0, NULL, '2025-02-27 13:39:22'),
(419, 1569, 8, '627867D1', 0, NULL, '2025-02-27 13:39:22'),
(420, 1572, 8, '38FD05C4', 0, NULL, '2025-02-27 13:39:22'),
(421, 1573, 8, 'C6067BED', 0, NULL, '2025-02-27 13:39:22'),
(422, 1574, 8, '019F9484', 0, NULL, '2025-02-27 13:39:22'),
(423, 1576, 8, '26BB93A5', 0, NULL, '2025-02-27 13:39:22'),
(424, 1579, 8, '892B4C9B', 0, NULL, '2025-02-27 13:39:22'),
(425, 1584, 8, '440EA96B', 1, '2025-02-27 13:42:29', '2025-02-27 13:41:50');

-- --------------------------------------------------------

--
-- Table structure for table `offers`
--

CREATE TABLE `offers` (
  `id` int(11) NOT NULL,
  `title` varchar(100) NOT NULL,
  `discount_percentage` int(11) NOT NULL,
  `start_date` date NOT NULL,
  `end_date` date NOT NULL,
  `status` enum('active','inactive') DEFAULT 'active',
  `created_at` timestamp NOT NULL DEFAULT current_timestamp()
) ENGINE=InnoDB DEFAULT CHARSET=utf8mb4 COLLATE=utf8mb4_general_ci;

--
-- Dumping data for table `offers`
--

INSERT INTO `offers` (`id`, `title`, `discount_percentage`, `start_date`, `end_date`, `status`, `created_at`) VALUES
(8, 'عرض رمضان', 80, '2025-02-26', '2025-05-31', 'active', '2025-02-26 19:09:46');

-- --------------------------------------------------------

--
-- Table structure for table `users`
--

CREATE TABLE `users` (
  `id` int(11) NOT NULL,
  `username` varchar(50) NOT NULL,
  `password` varchar(255) NOT NULL,
  `role` enum('admin','restaurant') NOT NULL,
  `created_at` timestamp NOT NULL DEFAULT current_timestamp()
) ENGINE=InnoDB DEFAULT CHARSET=utf8mb4 COLLATE=utf8mb4_general_ci;

--
-- Dumping data for table `users`
--

INSERT INTO `users` (`id`, `username`, `password`, `role`, `created_at`) VALUES
(1, 'admin', '$2y$10$ynRqDbNIpQbK1BW/pt2FCuU6SvK.Opiz/9oBNlgDBGUAONfu8cFSa', 'admin', '2025-02-25 19:04:33'),
(2, 'restaurant1', '$2y$10$klCIKWMzQFlMPU6nEk0CE.6rXPPM4lfxga4gJ9w3ltPUMH2kHmTj6', 'restaurant', '2025-02-25 19:24:36');

--
-- Indexes for dumped tables
--

--
-- Indexes for table `beneficiaries`
--
ALTER TABLE `beneficiaries`
  ADD PRIMARY KEY (`id`);

--
-- Indexes for table `discount_codes`
--
ALTER TABLE `discount_codes`
  ADD PRIMARY KEY (`id`),
  ADD UNIQUE KEY `code` (`code`),
  ADD KEY `beneficiary_id` (`beneficiary_id`),
  ADD KEY `offer_id` (`offer_id`);

--
-- Indexes for table `offers`
--
ALTER TABLE `offers`
  ADD PRIMARY KEY (`id`);

--
-- Indexes for table `users`
--
ALTER TABLE `users`
  ADD PRIMARY KEY (`id`),
  ADD UNIQUE KEY `username` (`username`);

--
-- AUTO_INCREMENT for dumped tables
--

--
-- AUTO_INCREMENT for table `beneficiaries`
--
ALTER TABLE `beneficiaries`
  MODIFY `id` int(11) NOT NULL AUTO_INCREMENT, AUTO_INCREMENT=1585;

--
-- AUTO_INCREMENT for table `discount_codes`
--
ALTER TABLE `discount_codes`
  MODIFY `id` int(11) NOT NULL AUTO_INCREMENT, AUTO_INCREMENT=426;

--
-- AUTO_INCREMENT for table `offers`
--
ALTER TABLE `offers`
  MODIFY `id` int(11) NOT NULL AUTO_INCREMENT, AUTO_INCREMENT=9;

--
-- AUTO_INCREMENT for table `users`
--
ALTER TABLE `users`
  MODIFY `id` int(11) NOT NULL AUTO_INCREMENT, AUTO_INCREMENT=3;

--
-- Constraints for dumped tables
--

--
-- Constraints for table `discount_codes`
--
ALTER TABLE `discount_codes`
  ADD CONSTRAINT `discount_codes_ibfk_1` FOREIGN KEY (`beneficiary_id`) REFERENCES `beneficiaries` (`id`),
  ADD CONSTRAINT `discount_codes_ibfk_2` FOREIGN KEY (`offer_id`) REFERENCES `offers` (`id`);
COMMIT;

/*!40101 SET CHARACTER_SET_CLIENT=@OLD_CHARACTER_SET_CLIENT */;
/*!40101 SET CHARACTER_SET_RESULTS=@OLD_CHARACTER_SET_RESULTS */;
/*!40101 SET COLLATION_CONNECTION=@OLD_COLLATION_CONNECTION */;
